category,hu_moment_1,hu_moment_2,hu_moment_3,hu_moment_4,hu_moment_5,hu_moment_6,hu_moment_7,filename
circle,-0.15927710779260043,0.9647915747918905,1.5081485853422911,2.0253026269996255,-3.7994894971520408,-3.252269115856454,4.527710070023567,c11i-1.PNG
circle,-0.46317871241034836,0.39548690150142424,0.7473537102887101,0.4964081311239852,-1.6122538660666754,0.9833048414989258,1.1418488453661537,c4n-2.PNG
circle,-0.43592083353871974,0.5307751694815703,1.5118749200889483,1.2413502871782987,-2.7825483493402157,1.5085448297946016,2.755263887819923,c4ni-2.PNG
circle,-0.5300647509002485,-0.39087991659347854,-0.09414323892089956,1.0922989391979172,-1.6963612534826078,-0.8999156463191347,-1.799572887429637,c2-1.PNG
circle,-0.013468210197244746,1.1072830533377829,2.19718405499013,1.4992630061951637,-3.733070732971801,-3.051124994374073,-3.387782085636481,c14n-2.PNG
circle,-0.3321932344672814,0.6995443788476653,1.243129535156066,1.5511997478086943,-3.3753538154902714,1.914573418262311,2.9811064095038926,c7c-1.PNG
circle,0.46466069475927135,2.183874215381745,3.375109590190835,3.8931323126293567,7.5540823479977215,-5.498880505568823,-7.978954201277839,c7c-2.PNG
circle,-0.5522246209913898,0.6670618301441645,0.4693854359573225,0.8487182635019057,-1.7002491579019636,1.1872723743807716,1.6231321544344945,c8-2.PNG
circle,-0.34034208079410755,0.40137191818946627,1.2366467558996441,1.9149944826415664,3.5177006425676414,-2.5602694838640683,-3.957735531893445,c10n-2.PNG
circle,-0.3183749508103355,0.5550343697322112,1.61984818376099,2.0248511406998118,-3.853484677624487,2.3447205963586013,-4.619586472306476,c2ci-2.PNG
circle,-0.6316838833106478,0.25849593972896806,0.1599041782889883,0.8579288651904949,-1.385299039655095,1.0666279124228963,1.9113428510225592,c6ni-2.PNG
circle,-0.5700329027613658,0.21837253717400804,0.6076711628125819,1.2388252518328622,-2.3365500330068767,-2.1537557938712033,-2.291010146820881,c5-2.PNG
circle,-0.41579144295047743,0.6573482120390388,0.5787572677940895,0.31424684918848783,-0.7880256750488355,0.7001631329415454,1.2247252526505898,c13i-2.PNG
circle,-0.5740686532572594,1.524322002110322,0.26479639326004867,1.5741568152490861,-2.9733797955701773,2.3808143278580127,-2.518883744175661,c3n-2.PNG
circle,-0.27891642345017836,0.9070175382548383,2.956095308211191,2.6609024414866282,5.613926929114087,-3.1541408849207953,5.626038460880732,c10c-2.PNG
circle,0.3751703449500472,1.703515063238445,3.166819060763355,2.8692236552602313,5.944148121520168,3.766722265721158,-6.2056879550771775,c7ci-2.PNG
circle,-0.09411815553664155,0.9257201604922553,1.5480184175818956,1.9523877515227328,-3.7032647712400464,-3.4174583002854515,-4.9569234724983895,c16n-2.PNG
circle,-0.44824096069613006,0.06855252738624251,0.7591316482500589,1.5725970796270956,2.7527524473175617,-1.9936795536949348,-3.3364131341004892,c5ci-1_.PNG
circle,-0.4835825490367822,-0.1440353957867198,0.8635294695195426,2.588190062227212,4.970936362539768,2.6715752067659215,-4.324856706540918,c7ni-2.PNG
circle,-0.08318283096846482,0.7871982160746265,1.0989968153293062,1.2037197576167056,2.3558835194240704,1.7033721075790749,-3.5708292335145453,c14c-2.PNG
circle,-0.5026249527099992,0.472925581662815,1.138623184298569,0.7801887793947546,1.7401980709354679,-1.1250070353342827,-3.0180026979913426,c4i-1.PNG
circle,-0.5565444842996425,0.004511769596184093,0.6407308119975468,1.3125347295844938,6.681857937752379,-1.3164967508353222,2.2891674937120654,c4-2.PNG
circle,-0.42893261936355354,0.29152736572175525,1.0849313992938823,2.637722929716253,4.747267872324753,3.1123842229705683,4.58242081562015,c5c-1.PNG
circle,-0.43383950199669225,0.5117361161468663,0.8410611015325415,1.2708441519768652,-2.3460250137919134,-1.7511003367831974,2.862747284194467,c1-2.PNG
circle,-0.020106626693511667,1.7062831894502806,1.8948830603060125,2.2503004140385956,4.434063525873935,-3.418498607257027,-4.521489007091132,c5n-2.PNG
circle,-0.5034187843977216,-0.09968091212980604,-0.7280059379516803,-0.11752589155814507,0.528359957217327,0.16735688687316447,0.09567008333655837,c6i-0.PNG
circle,-0.3858115423599098,0.1731659280006025,1.095099730118506,2.797327772710538,-4.87941039773402,2.9837367569046607,-4.909755182503359,c10ni-1.PNG
circle,-0.5272994011973298,1.083068066391834,0.4587176363216499,0.8082650554228918,-1.4648830672875417,-2.221702899969663,1.9395377507295128,c10c-1.PNG
circle,-0.4920221924043482,0.09154745740900332,1.131220212736525,0.56981020891657,2.2056237509961796,0.6258564751501307,-1.4262418616384767,c8n-2.PNG
circle,-0.3464010957505038,1.249384738592515,1.1962939725112371,2.787808358043887,4.83710432080092,-3.5014970172409186,5.097347485992804,c10ci-2.PNG
circle,-0.29286530620018325,0.399904454437329,0.9023576086901031,3.409101046139314,6.226911896887441,-4.025286938087751,-5.575356738691261,c14i-2.PNG
circle,-0.20255816224375217,1.4290009347685835,1.1249646564936486,3.415939371180839,-6.063451512082004,4.136043056041323,-5.728433222949765,c12i-2.PNG
circle,-0.38348189579288994,0.30353783776425214,0.8199408978728902,1.6921522063373728,-3.6355845931013033,2.2950993964907083,-2.9575594449810314,c2i-2.PNG
circle,-0.5358578507661331,0.11961795544574598,0.29495094014676587,1.0791582671772868,1.8577811054106528,-1.5315777405013535,-1.99789521314105,c3ci-2.PNG
circle,-0.7381091513280361,0.48813440542024134,-0.4879581205784733,0.8874502196069765,-1.3536532236860155,-1.1474383152302017,1.162531848073705,c6i-2.PNG
circle,-0.4481493455699411,0.20102213268713312,1.2792611980244342,1.2099998897291908,-3.445260214203671,1.319001434496519,2.456909566113237,c6c-2.PNG
circle,-0.5564828348180815,-0.00568131937825673,-0.3700740947750733,-0.07480062077789221,-0.8045148026492588,-0.07744364752402597,0.2958746158307026,c15i-1.PNG
circle,-0.5037934277282161,0.4292903253315774,2.271606236573795,1.967352791416323,4.3585603440837595,2.525204684080874,-4.16001782642615,c1i-2.PNG
circle,-0.7055827954046799,0.8266942317073893,-0.006988481199438983,0.7633488313030798,1.1416217042354568,-1.7377061906258149,2.8264171059711956,c6n-2.PNG
circle,-0.12033010138380294,1.145234402065275,1.1474951779333469,1.6378612039967386,-3.065843615083143,-2.243613404164043,-3.44241585917766,c14-2.PNG
circle,-0.3440110789623667,0.09384775381629004,1.6457678334789405,2.5876702183228426,-4.887453114840624,3.0284858861315684,-4.82659885266642,c11ci-2.PNG
circle,-0.46584256046633166,0.27052122590952116,0.6849836037705941,1.1077992093825817,2.1655449546627206,1.2925694047802587,2.144381703063094,c12c-2.PNG
circle,-0.5684238994054569,0.07507667124868665,0.9634630626941384,0.9834540463104567,2.201751058327072,-1.1562338405663426,2.041886082800093,c1c-2.PNG
circle,-0.10009437620863289,1.846807742583173,2.9377135094128057,2.7198022661465577,5.636572124043041,3.866128425283455,5.787124041672423,c7-2.PNG
circle,-0.4075053314646142,0.3685548772988885,2.2718483242342766,1.7099565175196214,-3.7459475075491486,2.2066836044968845,-4.064355689151442,c5ci-1.PNG
circle,-0.23531214497662326,0.6574421565406566,1.7763510178155284,1.500310870756401,-3.138642496409445,2.399150105899478,5.873026338037231,c9ni-2.PNG
circle,-0.4400546704590592,1.2245451773006726,1.1880349985347507,1.8512056681194466,3.692161987576726,-2.540466421447429,3.426927651618216,c16-2.PNG
circle,-0.35796718006255657,0.4811208216450725,1.1989505031112095,2.2357319944265694,-3.9879699922119247,2.4778234071227683,-4.367269313151991,c4ci-2.PNG
circle,-0.3244898348712079,0.6706193197519446,1.308950611152114,1.503302079939937,3.8331986324383216,2.290607216950009,2.912535214937194,c13c-2.PNG
circle,-0.5085037674228843,0.4491175039195555,1.4777348815929523,0.5414665180076909,1.7347471381505621,-0.8276908447178217,-1.67281788201556,c12ci-2.PNG
circle,-0.3172385675105426,0.584587103509034,1.9611318001871134,2.594846960626714,5.001942716339237,-3.173282293683462,-5.047093683799173,c2c-2.PNG
circle,-0.4447834247601239,-0.08852557757351076,2.5371272927767237,2.5020991072749945,-5.130421021530363,-2.8297624389649165,5.224032548722012,c7n-2.PNG
circle,-0.2663774117982456,1.0593373165081086,1.4275902782160907,1.6033705918850838,-3.14506140096011,2.184289596648971,3.5909643446800907,c4i-2.PNG
circle,-0.26283653712072236,0.5601152976659639,1.6916415550877872,2.5527148680855256,4.800239332861593,-2.893742899614584,4.853874665728231,c12n-1.PNG
circle,-0.21040736463425552,0.25289410040292715,2.8151595095494697,1.7273645394369235,4.217045044053162,2.049830498165643,-4.097489257641534,c5i-2.PNG
circle,-0.33946686819460864,0.4819187724741043,0.5806868085812225,1.932838730592549,-3.269896795902093,2.2334226655884875,3.4445452501884293,c15ni-2.PNG
circle,-0.3085317236223493,0.7428421060387008,1.7296073393675293,1.1542843806876983,3.5149027186024924,1.6209890729202536,-2.599411391765413,c12ni-2.PNG
circle,-0.5348481455326379,0.3950769049351537,0.8252695601863351,1.1877681103587714,2.3456010975341117,-1.7735320364934717,2.344005702836825,c14ni-2.PNG
circle,-0.4302475478553287,-0.1629066799133005,2.2081178632058953,2.0944859724958294,-4.309974699508336,2.0185608749400545,-4.541741545616124,c6ci-2.PNG
circle,-0.3440843422998714,0.7261714472517212,0.7921661119221087,1.8299217377743748,-3.274734985276817,-2.2985960691256717,3.3096262540091557,c10ni-2.PNG
circle,-0.37540026534463633,0.6451639392857526,0.6018787270426512,1.8630898442003982,-3.167357420890783,2.278091168317475,3.3708431635158993,c13ni-2.PNG
circle,-0.48610822633332706,0.6592567422684276,0.9400168680323756,0.9888455077228224,1.9559030428348454,-1.5663082795532481,-2.9132893417915176,c3ni-2.PNG
circle,-0.282367351090791,1.153877506315942,0.6946028682639327,2.2571619121414876,3.800001362795001,-2.8502018271773824,-4.021141056605929,c5ni-2.PNG
circle,-0.3351310936463573,0.22841838570973266,1.4879572398469239,2.4490649779516502,-4.4965169447014,-2.563686678457403,-4.67557322033344,c4c-2.PNG
circle,-0.3060921168795892,1.2428306276671255,1.2392802011532928,1.9081363479047042,-3.5046961185973244,4.466416509793614,-3.982088407260021,ci1-2.PNG
circle,-0.36073256924743574,0.4446695819817268,1.6406377054742287,3.9740138718414175,6.786868060988191,4.721219514863196,7.569514092445845,c10i-2.PNG
circle,-0.43058060296745315,0.4527394589203205,1.6308422268749747,1.9999451005390383,3.8746533776403234,-2.2277977509750237,4.12611612641581,c12-2.PNG
circle,0.09152065271829941,0.7330712724789453,1.9031656663400125,2.1694925689902402,-4.210417791430847,-2.540424388906949,5.045260650076384,c13ci-2.PNG
circle,-0.061730053309293056,1.1552713749327832,1.5092964628505972,1.4333113891848785,-3.2021647153908486,2.0878771196940935,2.968257330438973,c8n-1.PNG
circle,0.04325831807491198,2.0673636045996346,1.7234333464555365,3.3999574258843412,-5.976467590179357,-4.44246710294045,-6.5513137268546,c11n-2.PNG
circle,-0.49390784701706647,-0.24451679742523733,0.40241675688933276,1.7786160131835234,2.9392907049029033,1.6872953352676712,3.148605354852324,c3i-2.PNG
circle,-0.40541662711647536,1.8540860446244796,1.0928610450952925,1.6653521205917778,-3.057770012123772,2.7767110837038644,-3.657346212699439,c9c-2.PNG
circle,-0.39737600273487267,0.8383711262703861,0.6685017192067096,0.9431098210667902,1.9276116692734206,1.4906847073526155,1.8744902497433318,c8i-1.PNG
circle,-0.5031909905893327,0.2925537137669055,0.6588287450843511,1.6589238477386417,2.866282834196596,1.9856569716621042,-3.1671742713464175,c15-1.PNG
circle,-0.3564751889473853,0.7577533326889176,2.774301214650477,2.3328873512821158,-4.9189730240301675,-2.7534107450840377,5.314986710091263,c2ci-1.PNG
circle,-0.4737544467190744,-0.11293981515563888,0.016068680893706694,0.9338616496213165,1.4108331450098968,0.914853722288667,2.4270050988252225,c2n-2.PNG
circle,-0.40172018522356145,3.43686899492424,1.6738969559322205,2.2700085617508767,-4.972963869006278,4.020573954162018,-4.249587419431198,c9ci-2.PNG
circle,-0.5583728987369884,-0.29835484690511277,0.07846436042403371,1.009409055026441,-1.5666961033562907,-0.8619299411823631,2.165617699530331,c14ni-1.PNG
circle,-0.23345545170514687,-0.0011921581442445367,0.9328159875706722,2.079216898362744,-4.500853644265025,-2.7288281741436675,-3.5884596945121836,c8ni-1.PNG
circle,-0.28088437397631333,0.886891031731299,1.3990634938883386,1.999390564743467,4.16755855843994,-3.318447406393424,-3.725238098288748,c13-2.PNG
circle,-0.3905532547483237,1.7075182017633717,0.873375432550431,1.1914687568673168,-2.315866695160406,2.045409128756868,-2.4547981979653137,c13n-2.PNG
circle,-0.24059491864420898,0.8577102047583198,1.3958280218111652,2.699030911344309,-4.826392270019931,-3.352233248840424,5.002208059856468,c8c-2.PNG
circle,-0.4804602042656546,-0.3528541078602524,1.4160858859980257,1.2940108218280761,3.590212466427929,2.4717905596334493,2.6519253843822184,c3n-1.PNG
circle,-0.30805744146749253,0.44141839083713885,0.29439690295971044,0.8059145332133266,1.398014472007393,1.2470458714993315,1.733745973019681,c3-1.PNG
circle,-0.13668374903057384,1.8172659133748381,2.8391421842066067,2.211329409220392,5.2837331624255075,3.1448370687951614,-4.754780399091108,c11-2.PNG
circle,-0.368425654464128,0.2789166275139844,1.1525885728239365,1.0574521472242424,2.198612682765781,1.348371675034466,2.5696740152361506,c1n-2.PNG
circle,-0.4033201010805532,0.4998149516131001,0.9812315706358665,1.4787019617644117,2.716925486846978,2.1862416391410204,3.4227557420831642,c7i-2.PNG
circle,-0.3286585039002444,1.791751962223529,1.765045713075723,2.067231798625482,4.044942332966616,-3.0250341193720707,-4.287113523603064,c1ni-2.PNG
circle,-0.5048566293862576,0.302148944978749,1.9715693308718203,1.3059538252438496,3.040402338397665,1.60321803343783,3.1687555295887284,c7ci-1.PNG
circle,-0.47205600739281656,-0.05977797014094673,1.5044711598271907,2.680446467251494,-4.842815198930073,-2.683064814461151,-5.053018252729465,c5c-2.PNG
circle,-0.37293723105269594,0.5629654649325376,1.4275699987169972,1.1921110820479415,2.662427655146632,1.6311781539759376,2.642942515018783,c9n-1.PNG
circle,-0.4264877299434861,0.8560703128885949,0.9721474237690987,1.1186253891303453,2.1641268771351063,1.5728466604189846,-3.8019334010218317,c12n-2.PNG
circle,-0.15845998277462126,1.5602886737271904,1.1242358610768426,1.6125189844022463,-2.9886315435281423,-2.43290477741441,-3.7088943604313065,c13ni-1.PNG
circle,-0.5964459338513686,0.7514854324869027,0.17333008116339557,1.0852274378243467,1.7442720903920128,1.6057440061572938,2.1607368442243873,c16i-2.PNG
circle,0.06355018686368852,1.174380648784455,2.6522814429238983,2.4787748921048336,-5.772561879939635,-3.126209628300358,5.052022992245056,c8ci-2.PNG
circle,0.019071063608108584,1.6880307617383683,2.137917983843754,3.0422330850986823,6.245323542533242,-4.054270530359833,5.645587983725802,c11ni-2.PNG
circle,-0.2905309276692091,1.6608193715478643,1.8181701647413215,1.0226434799640933,-2.901887762575464,-2.001098424447096,2.4710241876699546,c9i-1.PNG
circle,-0.18231337479259915,1.1537244804406857,1.0789409864314299,2.098384757650556,-4.302271684377058,2.9321335182561694,-3.7002118611746706,c9-2.PNG
circle,-0.730957506091544,-0.24637209675048655,-0.7223436832842975,0.06200167040832475,-1.6021773896500617,0.6165781192037176,-0.2681298811312246,c6-2.PNG
circle,-0.15067453032978834,1.0258477862138426,1.1802695185191618,1.7687966101661483,-3.4094426762711265,-3.2607999307745033,3.379292205618977,c9n-2.PNG
circle,-0.3156627294684605,-0.048463555688300554,0.8498815197742222,1.165492944536588,-2.2267643386164817,1.1431011191662328,2.5032804947165728,c2ni-2.PNG
circle,-0.13266408656442258,1.8082672640368718,2.154811110411172,3.081848827217846,-6.298567646292558,-4.02189763269849,-5.714411845487102,c1ci-2.PNG
circle,-0.5905266404081622,0.30875965716323184,-0.029714251598984106,0.25837860428641196,0.4798909667292892,0.42950208462974865,-0.5774209727333754,c3-2.PNG
circle,-0.3515597324459703,-0.12661162994189767,0.37907306678907915,0.2213466264206864,0.5587179389777095,0.18743475423807904,0.9232030250979394,c11c-2.PNG
circle,-0.2683889545175841,0.7979809974932037,1.2507087799548942,1.718927435424591,3.218821987468873,2.3963308847730413,3.790466634440136,c10-2.PNG
circle,-0.5006574351922589,0.005909164953887859,1.162921185832395,0.28462859906055543,-1.465219537571908,0.36798030799301606,-1.036656794585922,c3c-2.PNG
circle,-0.5289726312091838,-0.1240403158735709,0.5500031826357673,0.8608054426649987,1.8145122979084367,-0.8198679948574832,-1.6495435642686767,c1on-2.PNG
circle,-0.5045990761985322,1.0373074026473033,0.7680609636286504,3.3591251517563925,-5.538054225601657,-3.8781135832159457,-5.615195452659543,c15n-2.PNG
circle,-0.12494462500511301,0.38599888005806215,0.9599248008419294,1.4973846186839757,-2.785395836657178,-1.7347222794976895,-3.0366848283173655,c5-0.PNG
circle,-0.49298200076303095,0.5030876178918406,0.9226980325403488,1.81868235380312,3.520126494061918,2.0953416016168163,-3.2427740242157093,c11i-2.PNG
circle,-0.4101302152652184,0.0128055565856114,1.0795212873207576,1.1751893669782674,2.3154665148742817,-2.6005940069444082,-2.921688706654341,c2c-1.PNG
circle,-0.23520902532234844,0.5415464768401179,1.8136862357905617,1.5843854880764014,-3.421599293235905,-2.0959609996659614,-3.4470165263901698,c14ci-2.PNG
circle,-0.40056785185251187,0.4698969472458813,0.9066863120007385,1.1103394993472637,2.90382027784472,1.7985519722280205,-2.1247779766759214,c8i-2.PNG
circle,-0.5686008390675514,0.37409684677103144,0.14880535826991625,0.11388744916175328,0.3761194409892512,0.40020701467608977,-0.41733064618127536,c1ni-1.PNG
triangle,-0.4918438226282551,-0.49005986585626826,-0.9126810435824839,0.32348490968624594,0.24671877507725898,0.3737791383180578,0.12808940230394297,t3i-1.PNG
triangle,-0.26003530421028803,0.5784666982773374,-0.29026327176108413,1.584255621251145,-2.3467750902975233,-1.9454507123154439,-2.4235010244815633,ti1-1.PNG
triangle,-0.35606251271374756,-0.2737961206823175,-0.610051296095471,1.2107618898448795,1.5143138982282278,1.080426214179384,-2.428738982597559,t12-2.PNG
triangle,-0.5861499218625175,0.15215584382620007,-1.2849612299448243,1.4306888136223197,1.5460864714417233,1.5071133707685849,1.8784822379669788,t6n-2.PNG
triangle,-0.4142447061906719,0.2892811847921699,-0.8230809149985464,2.003879224625562,2.80950979599154,2.536591266841404,-2.695001190139668,t11-2.PNG
triangle,-0.36702776185247393,-0.33471055442282954,-0.4980043824332788,0.9344459008474096,1.2534809347067142,1.0121672921528564,1.3677432334341026,t3c-1.PNG
triangle,-0.18312791709885617,0.4596848656943012,-0.041510875377134306,1.6945792440712795,3.3902706150686277,2.119288140851251,-2.5251168915411872,t14c-2.PNG
triangle,-0.40980667399849796,-0.17681396224514995,-0.929596985981604,0.7764770937437021,-0.7134541968033203,-0.7039945686253176,-1.3092656672313765,t10n-1.PNG
triangle,-0.24438244964854586,0.5357543545586068,-0.47730493309233724,1.417878630804095,1.9144676978398152,1.774027183407462,-2.359564806871663,t4ni-2.PNG
triangle,-0.46762487523459395,1.6248415916972727,-1.2666319775238974,3.9451436169085268,-5.48836144631301,-4.903025669168392,5.392040096125572,t6c-2.PNG
triangle,-0.24802147249150214,0.2772915414162674,-0.432784934416073,1.2053545173117888,2.0094890784921446,1.6032119955187873,1.6259058936199955,t12n-2.PNG
triangle,-0.31559644568230816,1.4361915741146443,-0.6735631655988524,1.6321821967146701,-2.2187598328984195,-2.3511355331710178,-2.3160641723490794,t13ci-2.PNG
triangle,-0.40828983492449944,0.6489028127318783,-0.599795209402016,0.7662458786700996,1.0317644625453712,1.1153871326124416,0.9722703361675081,t9-1_.PNG
triangle,-0.5024856735781714,0.39896786911142357,-1.2032017964171686,0.603355581182423,1.4489867801484646,-0.8052160129287121,-0.3045461498429719,t13n-2.PNG
triangle,-0.16462077786772208,1.0025051234133358,-0.21528335049980704,2.1248954908206397,-3.883573168809029,-4.301326154021043,-3.085126825691321,t10i-2.PNG
triangle,-0.2546017310936323,1.1355645678034383,-0.10134432790233276,1.4851381980074965,-2.5008420997057055,2.547747314652481,2.2324138292981037,t9-1.PNG
triangle,-0.4628137335569775,0.9978056893123856,-1.0507977113587132,1.1323961486291525,1.3111006866019908,-2.710382588339421,-1.3370976726253083,t8n-2.PNG
triangle,-0.4017586315621985,1.2970966952470089,-0.9351512240182059,2.1231931213984105,2.7952105167983134,2.773733564720274,2.9773859151797213,t10-2.PNG
triangle,-0.14740770577249648,1.496033505737793,-0.10465634074005231,3.7399342556396964,5.6178897516326405,5.619959974908322,5.865106178531724,t5i-2.PNG
triangle,-0.4621874895343038,1.0979785896244258,-0.9694903201025207,-0.03477994826072089,-0.5082797611413953,0.5149864592863476,0.08282861082015049,t6ni-1.PNG
triangle,-0.39424505871093013,-0.23017854948485922,-0.743941565751141,0.7898765898569089,1.1895797804612334,0.9897444660658439,0.854989152484574,t14-2.PNG
triangle,-0.32002578269716037,0.11951040036885538,-0.3943063186672935,1.9638034463322738,-2.7876070274462075,2.023592479622379,-3.1403255029637918,t4ci-1_.PNG
triangle,-0.4596616305036778,0.16934833466478447,-1.0368284718850511,1.0597034780359347,1.2561257509943262,1.1839499510905076,1.1919157114362227,t1i-2.PNG
triangle,-0.3977652060483696,0.694576390989559,-0.798230091529914,1.8536572835766145,-2.393070557628632,-2.2246120730123464,3.0214845057938984,t13i-1.PNG
triangle,-0.4496945342428054,0.034167748230153235,-1.1193129618997695,0.34192136377219523,-1.1711321128133094,1.6968111129468308,-0.04597692086813235,t3ni-1.PNG
triangle,-0.20892926533735068,0.29899934993212096,-0.3052863708838652,1.0375565496030212,1.4075867486122393,1.1926634390112125,2.278753567460323,t4c-2.PNG
triangle,-0.44931967998022365,0.7943556034918755,-0.7574586154400127,0.20411059243551946,0.012238572463257318,-0.6562900023846707,-0.23503022206293003,t5-1.PNG
triangle,-0.559786937622189,1.994367162583436,-1.4515107462712622,0.36394696522656245,0.14086910470142,3.093186428478477,-0.21239196700674623,t1ni-2.PNG
triangle,-0.29692276898141406,0.3050409195281053,-0.7073938746172829,1.3603693095575253,-2.0138974114961012,-1.5131898849510705,-1.7413053827889633,t5ni-2.PNG
triangle,-0.2157770130575026,0.42811613602556375,-0.33998441503289667,1.9368301076977466,-2.9736262926010344,-2.1773980005051157,2.823392247650422,t9i-0.PNG
triangle,-0.1678898195472476,0.6612548357517529,-0.03573170812625007,1.633539282389219,2.4781961303099678,2.2354274262344767,2.79308508706836,t8ni-2.PNG
triangle,-0.18814459458455987,0.1048043526515879,0.01655653242610085,2.4548518042425327,-5.133256184605187,2.870187092110133,3.690838672861366,t14n-1.PNG
triangle,0.06078765475734637,0.9137831377618515,0.6949743394607012,2.6520846285918185,4.724326355777322,3.6365302376342603,4.3633262838867095,t11-1.PNG
triangle,-0.47659308861309135,0.8307567283359252,-1.0754117814637516,1.3371000252206,-1.9252685173901471,1.9414025359858194,-1.4961269098912326,t1c-2.PNG
triangle,-0.5018137167302764,-0.3438931297637361,-1.0693601391385676,0.5113380394741444,0.23636966502305562,0.3404573442796055,-1.0993879213525724,t3-1_.PNG
triangle,-0.24739113718694214,0.694392807207212,-0.29543559475116804,1.7909171171539389,3.3462223079387905,2.1389303384206872,-2.5439905660261743,t5n5-1.PNG
triangle,-0.33476312214766846,0.3869382176967463,-0.7780173591674502,1.1750586874094096,2.105536341309968,2.1884149128947166,-1.3811723123540134,t1-2.PNG
triangle,-0.3558719416383039,0.5944904704287626,-0.7976957713401251,1.9523718078094014,-2.694264560101666,-2.7687869138738965,2.6670379396472863,t12ci-2.PNG
triangle,-0.3537579085919703,1.1775282838146603,-0.7740374065326165,2.599564933027135,3.8697423034278264,4.849200771361191,-3.558845771305409,t2c-2.PNG
triangle,-0.23319421241171742,0.9494983972801876,-0.3196857851504692,2.1700183071507757,3.095428395392216,2.6522458633690578,-4.570101346047081,t7n-2.PNG
triangle,-0.5480430097509019,0.32266817559899535,-1.3349014204480067,2.514819556908006,-3.6147098320849937,-3.7133999742139903,3.12658137270204,t12c-2.PNG
triangle,-0.13788106793533259,0.46509593646951786,-0.017390177292313097,2.227317522597962,3.335518281954727,2.461779234173907,4.247191435740833,t10c-2.PNG
triangle,-0.14926002271763847,1.5666110615047182,-0.24191583212523604,2.3357618420341177,3.8084766044199587,3.1414701216249004,3.415622320077126,t14ci-1.PNG
triangle,-0.19744618694640625,0.29707271043872385,-0.08956714404263234,1.3898435871448191,2.056022256299999,1.5459119238989434,-2.613721520989531,t5i-1.PNG
triangle,-0.5255398388688816,-0.14305234899116753,-1.316265743806613,0.7702943564022119,0.8089978872316281,0.8555668778891575,0.5563381418970017,t10n-2.PNG
triangle,0.038371286834195,0.7716339350063728,0.6991865498182163,4.084894128475479,6.890896757442852,4.516945515679756,6.511673475917969,t8n-1.PNG
triangle,-0.3967348387166647,0.41320623151026337,-0.9622220989278224,0.912290700508688,-1.0899749105611185,-2.1080692166398896,0.9958303013384049,t1ci-2.PNG
triangle,-0.3805194763356025,0.8269215049155506,-0.693233606131154,0.793483061524555,1.0331986683753465,1.256496720453892,-0.9610178133379612,t2ni-1.PNG
triangle,-0.15346939362474132,0.680421167278426,-0.09274496860840142,1.6088957921886624,-2.447463258578893,-1.9586273353566506,-2.621476067781255,t13ni-1_.PNG
triangle,-0.30440051089337167,0.058510236738579094,-0.6055503300619518,0.6888481220066531,0.7578809637158793,0.780107026546187,-1.1936742665236473,t11ci-2.PNG
triangle,-0.07268408102487639,1.0123481091891058,0.02048466161216161,1.7781209484841747,2.8564569776205655,2.468034410865904,2.802734754428057,t7-2.PNG
triangle,-0.48148401367742155,0.987950369819857,-1.0548552743308783,1.5309576784248662,2.3556155832631545,-2.46406626682675,1.7840936374496832,t9i-1_.PNG
triangle,-0.45462839667804,0.2188290089378662,-0.8283555048270717,1.2063860166445757,1.4405277756642683,1.3170866586752397,-1.7587352309490478,t8i-2.PNG
triangle,-0.3303026465437342,0.8184051569970615,-0.6695132587413946,1.4803471427420374,-2.0796268013755155,1.9027336234045389,2.000161293306199,t8c-2.PNG
triangle,-0.4093192419918196,1.0413077442796268,-0.7626938426736055,2.3890713634206646,-3.736645423688531,-3.723991288376603,-3.221633784723002,t15-2.PNG
triangle,-0.20767654111646858,0.6344944635681881,0.01866620669684611,1.7433810025675807,2.6906857540027507,2.1572982845631374,2.9143849288293424,t9n-2.PNG
triangle,-0.015259408583709076,1.1271867514597478,0.3020383837661211,2.063630456355429,3.841614938499577,3.119887605483069,3.2609477212926574,t11ni-2.PNG
triangle,-0.34898957127012675,0.32062363767975627,-0.6752314168350603,0.9560512593261228,1.0965607562619832,1.8893627765220664,2.7658115476066683,t13c-2.PNG
triangle,-0.6697095319945934,1.368562406065947,-1.4064033109324932,1.332523901227704,1.3828774184662382,2.0756171073027025,-1.535657505886392,t6i-1.PNG
triangle,-0.1743858924280986,1.2376883078596612,-0.11797273304637237,1.7330554043910549,2.601918145049198,2.4539858032951933,2.8451074245997416,t9ni-2.PNG
triangle,-0.5062039975401651,-0.12615046142762174,-1.047848413673787,0.9988546744992194,-1.96487020376291,1.837098821249243,0.976638188700336,t3ci-2.PNG
triangle,-0.06129000378007092,0.5073854531945228,0.3157767819285437,2.181494364390738,3.6000541925832255,2.566611882454696,-3.562828798498665,t11n-2.PNG
triangle,-0.033927211229537485,1.9774836603481865,0.19895648455554232,2.588870441239294,3.9874411687920013,3.6982685916420768,-4.819398939834231,t3ni-2.PNG
triangle,-0.46317514113107017,0.21448729745933248,-1.0134389676480688,1.213676844449027,1.5044415551612058,1.4455693713518527,-1.4304523840397834,t7ni-2.PNG
triangle,-0.4502599024002819,-0.5123091830823028,-0.872093699345778,0.00533206121200778,-0.4257566254998043,-0.24021205630839507,-0.5613536170951128,t3-1.PNG
triangle,-0.30221739073992815,0.6093322559073349,-0.6396117778139461,1.5182667696944074,2.110709988696859,-2.4545725165939225,-2.1055393115206895,t14i-1.PNG
triangle,-0.40760177236695416,0.42589057240284045,-0.8919669242499135,1.2206344355746603,-1.8123200246288274,-2.5655277735956754,1.4176513438814822,t1n-2.PNG
triangle,-0.2513162805949052,0.3715865535009835,-0.5187444971196519,1.2572309015935388,-1.6317883994684526,-1.5517556062928914,2.434780097074727,t10ci-2.PNG
triangle,-0.479148324133857,0.6114305880538803,-0.9403271633253406,0.16266311439810585,-0.2077742875252949,1.2785095415312993,-0.318995197829594,t11c-1_.PNG
triangle,-0.4761524236127723,0.06545718607161641,-1.1144353399807936,0.8757636765565117,-1.5824696794675728,1.31314129441573,0.7613206085471249,t13-2.PNG
triangle,-0.395575066146619,0.6542307463035347,-0.8496314598121427,2.5745524160386797,3.502380601710806,2.90197099919674,-3.729572464572743,t2i-2.PNG
triangle,-0.48195873790267285,0.4174682054708183,-1.039529832263961,1.306431086330008,-1.7694254299632313,3.2691093253069905,1.4936219206708041,t3c-2.PNG
triangle,-0.4331580197534536,0.01273198983195472,-0.9618092318348719,0.6518006318315751,1.0300917190361905,1.6667482811357424,0.5162720606782296,t14ni-2.PNG
triangle,-0.4475537448070862,0.3368186275650224,-0.9888669545482782,1.5870208389210223,-1.8928822889339472,-1.7589193013184572,-2.6420991426851566,t2ci-2.PNG
triangle,-0.14474219269441585,1.2755369265538707,-0.028978500779772612,2.2114203740490748,4.578466727896613,3.429702537924368,-3.303251769052973,t7c-2.PNG
triangle,-0.4338579661058205,2.030783666369465,-1.0232598949181946,0.5963435932975459,-0.46598618657109747,-1.6255011250203122,-0.6316870433037405,t5c-1_.PNG
triangle,-0.4073935201079506,-0.1455819400811846,-0.8217802178519672,1.01218127948183,-1.1452345240369843,-1.031064685335069,1.5053619499664805,t10c-1.PNG
triangle,-0.3303183048138957,0.7911617013764716,-0.7222791231565446,1.351609134885217,-1.9203952712171846,-2.7085731184923176,1.7469386189644942,t16-2.PNG
triangle,-0.24159527837542602,0.2104841961095555,-0.3016948197327205,1.6136929859621456,2.2966603648439574,1.7375623033345686,-2.73598702204747,t10ni-2.PNG
triangle,-0.2556122564731921,0.6363780621862747,-0.5937994434445908,1.3496057780273818,2.1852341102994957,-2.502216204097057,-1.7556362207497243,t9ci-2.PNG
triangle,-0.2893186624194559,0.5488461744734775,-0.5275434059093591,2.4287564812597213,3.4103931195383,2.7832447622208463,3.8171780286246535,t6i-0.PNG
triangle,-0.14507900271198682,0.647846173256043,-0.3017959533910344,1.6580359338296518,2.400161839783096,2.034986374263137,2.632640417220226,t7ci-2.PNG
triangle,-0.2827986014614485,0.7618009347717958,-0.5037846307670113,1.8934326135832105,4.490414413248525,2.9954544277907487,2.588290670951623,t8-2.PNG
triangle,-0.3123630035034322,0.5294999048909528,-0.6713749791039287,2.2182161911189313,3.337883240041973,-3.1323501390415527,3.0409089887531215,t15ni-2.PNG
triangle,-0.19181263398382778,0.08856545633835931,0.028101065440217513,1.137283364487214,-1.8529702332241618,1.200125967527812,1.8895495845278194,t12ni-1.PNG
triangle,-0.2846283070738813,-0.011020220946954961,-0.4028915987233346,1.0316581152240545,1.563999420686474,1.4440347233438082,1.4451709343322832,t11ci-1.PNG
triangle,-0.30514688969154813,0.9940095972244354,-0.6119705433385304,1.7788085319168987,3.9244123598351215,2.7580082224992846,-2.362390655085812,t11i-1_.PNG
triangle,-0.481245054253661,-0.5629806889074347,-0.8270898889450511,1.099212718211994,1.2414810997043022,0.8322691443084824,-2.0103076669406237,t3n-2.PNG
triangle,-0.2805919493105986,-0.13399178635587375,-0.4559951442987473,1.1487649064189762,2.5172059132985054,2.0060302368693765,1.4971204447857138,t2i-1.PNG
triangle,-0.36920823163692135,0.7971070080987765,-0.703767760458127,0.257149486736667,-0.4246223329169099,1.1480025113634422,0.07309130456270262,t15n-1.PNG
triangle,-0.3725596527912062,2.876963257297902,-0.9728561082894535,0.9961433767341425,1.057055912867825,-3.03515252296853,1.354046598838794,t6ci-2.PNG
triangle,-0.42769464692058123,0.5711336216581776,-1.041648353991657,0.5252318686793461,-0.27179099469610724,-0.8914677969936027,1.0986407439093697,t5ci-2.PNG
triangle,-0.4420987480258155,-0.17287383709224763,-0.8081369600951098,0.7737875841472189,2.1351851827942907,1.0457513288868714,-0.7569930768319224,t7i-2.PNG
triangle,-0.4526302699149124,-0.5325150043584814,0.26968653561581196,-0.10785806350115446,0.7469477711903679,-0.32551834139211133,0.02070365851299531,t15i-0.PNG
triangle,-0.3517106176768577,1.6670906058256825,-0.7805160075469577,1.763928069146489,-2.26744081655351,2.7594615317368882,2.8938231927329956,t13i-2.PNG
triangle,-0.24822244769961804,0.4940410335242872,-0.2616465985089075,1.3802572129844048,2.4010362634933813,1.6322637493634418,-1.9671764429454508,t13n-1.PNG
triangle,-0.3516079093017838,0.4928875622933201,-0.6662597519268252,1.5312769301399696,-2.732863458647737,-1.9179154469887738,-1.9701676361784046,t7i-1.PNG
triangle,-0.07489352607985968,0.5773436497393019,0.1999158139964102,2.3465737647454676,-3.993735484331062,-2.6618999053432164,-3.66257189208021,t5n-1.PNG
triangle,-0.4022624329151526,0.023794155485951936,-0.7540804409031635,1.6111350998581662,2.2476220013491877,-1.8599437589186356,2.144794066330696,t8ni-0.PNG
triangle,-0.37672265998643334,0.6021984741514407,-0.6817750587496377,1.4194754894591695,1.8090902160845512,1.9719446006018329,2.308341517000116,t2-2.PNG
triangle,-0.4230440018532695,1.2796260958090286,-1.1592763167380342,1.9461605109081068,2.5177506634469715,3.0048290561130306,2.465607322495587,t4-2.PNG
triangle,-0.2009412967252881,1.4607118948871582,-0.3169282427329586,1.1155834813484091,-1.554763361253408,1.9823998166788357,1.9026832397704352,t8ci-2.PNG
triangle,-0.008571702354094326,0.7473294227823166,0.44900292891374954,1.6146530688694527,2.690410599822412,1.9883188298376875,-3.0150744095060684,t12i-2.PNG
triangle,-0.12807051384045087,1.083228255427288,-0.12669989797737513,1.220044325851768,-2.425508075249467,2.021122358737234,1.7774277450333087,t16n-2.PNG
triangle,-0.4075988156258597,-0.3287681809262018,-0.6098545429124114,1.3490206542336,-2.183425610762112,-2.991929334262736,1.7457675520722606,t2-1.PNG
triangle,-0.5494874110494201,0.8511279178187967,-1.4234505176238657,-0.28426541553821,1.1234969713990821,-0.14439109223675345,0.545042948895404,t4n-2.PNG
triangle,-0.2430530655917498,0.09514949214293394,-0.3641257498927754,1.4914813397772522,2.111014959506837,1.562612014670851,-2.3773316317815896,t9c-2.PNG
triangle,0.005228345612532609,1.4827164724898727,0.05985802646818029,2.473248663197468,-3.8850998961244363,-3.9623053427260047,-3.895661900568884,t3i-2.PNG
triangle,-0.4441167184958248,0.5472014226615702,-1.0487805233991578,1.4096848173641836,-1.7641457414413573,-1.9883832980919705,1.719453701159742,t4i-2.PNG
triangle,-0.3762436969432449,0.9055864489218448,-0.8715910553444702,0.7710668595642062,1.4723568600454926,2.1523802496288917,0.7277319808777969,t2n-2.PNG
triangle,-0.6027368227958477,0.5211824422449347,-1.3631043623968795,1.3609836018910568,-1.4047290393020646,-2.558322312546994,-1.724651007122475,t6-2.PNG
triangle,-0.4359284189067386,0.5292658205111909,-0.7646505746964352,0.71152607981547,0.8113812819353752,1.1920982842419603,-0.862588278718309,t16i-1.PNG
triangle,-0.391127288006285,-0.036787891463751235,-0.9440441756993152,0.41581612019064595,-0.15513481145285354,-0.42908427851323117,1.0539742273395354,t13-1.PNG
triangle,-0.5169503736246095,-0.5946653849585359,-1.229099030557703,-0.7247290570290905,-1.6992901133472618,-1.0206743952498414,-0.7179003181929056,t14ni-1.PNG
triangle,-0.4104840501319115,0.11111710815021365,-0.832137325441218,0.7980908953927082,0.8215348511907133,0.9824684714144685,-1.1658128689803768,t12ni-2.PNG
square,-0.5710074685969121,-0.12658762399876167,1.4637797103564723,1.028953877273812,2.8589986693916694,1.210723536772157,2.2906176345894598,q16n-2.PNG
square,-0.21426968523975534,0.8048189445770422,0.6934180786052571,1.6114248277133527,-2.981783542278323,2.0927373399271265,-2.8629878179336496,q14-1.PNG
square,-0.5278640071165912,-0.21432642254987963,-0.21091765156141143,1.0446736106841767,-2.525554008299987,1.4884013221847383,1.4631747882437747,q15n-2.PNG
square,-0.5134457383444384,0.42531716969493083,0.9747095947450771,0.1369094864270613,2.064175851635067,0.41882028003110866,0.6931118831503282,q1i-2.PNG
square,-0.4717440327464172,0.9892001396242815,0.065099704280726,2.030380777538671,-3.2494618421624826,-2.531794852463226,-3.2096337702969695,q8i-1.PNG
square,-0.44246399582028717,0.14762996977406523,-0.48328742454082146,0.7174426788305381,-1.296589535828955,1.0760973126579099,-0.8620536061481311,q8c-1.PNG
square,-0.5326220207340837,0.6456104703208184,0.8052965079046757,2.4967805070147526,-4.3635033453472065,2.9637820924038403,4.248273668903981,q6c-1_.PNG
square,-0.08918753044611567,1.5305079235419785,1.086904965657018,2.1791965914018414,4.45009137060741,2.9499821356485407,3.824073043986906,q11-2.PNG
square,-0.42652374268855736,0.33422822887876835,1.238884462730333,1.7874847752664809,-3.560732992989725,-2.0243818874920385,3.3787125045388313,q4n-2.PNG
square,-0.5381743695989017,0.40234053752851906,-0.2278479196325858,-0.30290824750944984,-0.4480200563936787,-0.09522163829423022,0.38261628318037744,q9i-1.PNG
square,-0.39986074635103264,0.6351014417428482,0.16038994276097998,2.5558464393194438,-4.8765922902913585,2.890689944411813,-3.9165589802308753,q5i-1.PNG
square,-0.6088471484768767,-0.5665242844438736,0.36348002307727445,0.20060155149369424,0.5257347001481925,-0.05611539375562064,0.8550093316912468,q5ci-2.PNG
square,-0.46653266352713474,0.29605580291362105,0.8609937887296868,0.6215733813305738,-1.4092020685112847,0.8688766129768966,-1.7209927674899832,q4-1.PNG
square,-0.528390706767196,0.49667172444925856,1.1591823752850203,0.9548521818863565,-2.2398728609442085,1.2401598839946826,2.1053926259531366,q8c-2.PNG
square,-0.43386395341270545,0.9338009564628805,0.26758418557506797,0.4610879411281258,0.8715049547013541,0.9576678106790784,-1.18467362360056,q12ni-0.PNG
square,-0.223809589911028,1.3144873675426496,1.5766162630506175,1.841534966141425,3.663741418223549,-3.7139691095307725,3.7463118458358613,q11i-1_.PNG
square,-0.12957481780438723,1.2550582519222722,2.37517429927833,2.710528133673111,-5.322405123773509,3.3758569361056514,-5.535811135203101,q3ni-2.PNG
square,-0.48222222910483015,0.4730476741703396,0.13912012306961458,0.9674583502032259,1.6050682947676502,-1.2042764183460377,1.7669554043458995,q13ni-2.PNG
square,-0.38069352801114,1.149173857548092,1.007393298339384,1.084785606073372,2.3146351999599983,1.7266053294884818,-2.252565415706251,q10ci-2.PNG
square,-0.47810472835531326,0.3270679833378302,0.19608209847155886,1.2073103149103563,1.9588625452969666,2.0289986378830935,-2.252976117217143,q16i-1.PNG
square,-0.40440534437612,1.079355899417664,1.1942049883904264,1.2757907953260967,2.662752143062903,-2.3505188957250605,-2.659864788331282,q9ci-2.PNG
square,-0.3976637617598794,0.5998967213305806,0.9860244914417307,1.5493465295056106,-2.945367313408225,2.091756100163803,2.992252590938569,q2i-1_.PNG
square,-0.5133058630801518,-0.2713092354901089,0.3033452954893138,0.5290278011785872,1.090645151771694,0.5265170928635019,1.100935441394468,q8ni-1.PNG
square,-0.37857771716754657,1.4356141250000247,0.5814155558826353,1.2869166636239928,2.3215357059585204,-2.193627636089108,2.436772262920685,q4c-1.PNG
square,-0.45097337499462964,0.366877708485566,0.5765222101517697,1.3274366852605024,2.312278841416554,-1.9580086541251005,-2.7056657169188227,q4-2.PNG
square,-0.4293936308544537,1.5808647181753446,0.1492000967386091,2.0373961666042613,-3.5631557545925365,-2.933035788023232,3.1625586559449577,q2c-2.PNG
square,-0.6051044688581514,0.34472084800158026,-0.19222078066021323,0.561242224012058,-0.7498019985479039,-0.8806912533740792,-1.612474759681919,q6ni-2.PNG
square,-0.5369790664781278,0.11560293582552787,0.7794039710172356,1.227652213526313,2.6091884490646944,-2.011100461531533,2.2730537513939146,q10-1.PNG
square,-0.03349819288382467,0.9682819965859557,1.8232013462335848,1.3010199438509487,3.3445683107079476,2.385232019661445,-2.8881732329259804,q14c-1.PNG
square,-0.3741988041236481,0.5357815105413793,0.5210062922991793,1.7355884267206871,-2.8703051493809553,2.2238500258851954,3.631717610469693,q3c-2.PNG
square,-0.4407648459435779,1.9112035620719376,0.06882010081007053,1.26244161077872,-1.9580071414513074,-2.278850132375437,-2.3731577461519313,q9-2.PNG
square,-0.5038818399507095,0.3072797921941923,1.529370328309716,0.5503916867559456,1.5938869466196601,0.7075437250719203,2.4814451806616207,q7ci-1.PNG
square,-0.610369416332079,0.1982161728947407,-0.07812608631152743,0.9094889002020682,1.3280696193710764,1.539174988653398,2.2638479793324864,q6n-2.PNG
square,-0.5161244049389149,1.2795140101835956,-0.517676357085335,2.1032462202752686,-3.337757558944377,2.887136968937702,2.926466695546831,q16-1.PNG
square,-0.6351788342127016,0.34558307480041084,-0.16144941067191754,1.3776833393781285,2.1925959903834413,-2.0521249798620924,2.0916599656625787,q6-2.PNG
square,-0.3853672478964696,0.23574224695174475,1.7045039048656565,1.355674639243768,-3.354922210329303,1.4790722771736022,-2.9123563463979316,q5ni-2.PNG
square,-0.4256560841871758,-0.12396445929854101,0.38886239664921046,1.926459701891855,3.093375635252397,-1.8867012346469232,3.773922062412411,q14i-1.PNG
square,-0.4506085444248958,0.235707180020389,0.4444701363632756,1.6793509857441502,-2.8931365541762664,-2.266511119158139,2.8904249389654826,q15-1.PNG
square,-0.4793139169249231,-0.4839889580129337,0.3059886797811122,0.7663748108762142,1.3662701290662438,-2.7149024231891703,1.5998961457830425,q14ni-1.PNG
square,-0.5303692145128858,3.2766727073033177,0.9438488676023687,1.607095035392868,-2.9045936369945666,3.247867532407304,-3.3903897511943013,q8-2.PNG
square,-0.05974049347198486,1.1429235153638546,2.8367539584687194,2.509464833231723,-5.413617366544148,3.2971958135483743,5.274464458420116,q11n-2.PNG
square,-0.4658927676294148,0.45885324718156106,1.848536230497801,1.865941861160106,3.87332908696134,-2.5095185967655134,3.8740627055381247,q4ci-2.PNG
square,-0.3928469513226409,1.2262536329642892,0.2882982081289901,1.6756049481477524,3.148878946712238,2.8848234342990167,-2.6814211817549025,q1ni-1.PNG
square,-0.30693870684417,1.2882621817218254,1.8709823498008262,1.1337883689930475,2.8730841941566845,1.815325852906722,-2.7250491294824406,q7c-2.PNG
square,-0.3505468951903765,0.6495900349432304,1.2547201411287012,2.6568418015382793,4.782868758367534,-3.0730775684241305,-4.745046671425915,q13n-2.PNG
square,-0.36184299013373267,1.015576393511598,1.0010187396558976,2.198967796844526,-3.9733961299999314,3.1336302555272395,3.927930748310068,q7n-2.PNG
square,-0.5968690229619882,0.162542231108138,-0.380559099058731,0.8332873819027014,-1.2972817607209692,0.9512210596837355,1.148163846635631,q4i-2.PNG
square,-0.3472113831389223,1.024932087444433,1.4097003620206554,2.3619766963076496,-4.263459657446237,2.8862302080303306,4.826774384880471,q11ci-2.PNG
square,-0.5034849546662976,0.8182723591827874,1.1510180120945734,1.563774915562493,-3.2533813518374908,2.1035740358277004,2.974168700129828,q1ci-2.PNG
square,-0.43341033440948534,0.47377849307879516,0.009259398596922973,1.1890871906376392,-1.8391488732108756,-1.486377118040606,-2.128275802014214,q13i-2.PNG
square,-0.3257245516899589,0.10008665729008474,0.4608198120456077,1.22076542213851,2.9040278624007945,1.4519598326008785,2.066090550140402,q6i-0.PNG
square,-0.5768994484043661,-0.48141076469105315,0.264757432023109,0.502062496453312,0.8867162481908784,0.3658733699933105,2.007098102172222,q12-2.PNG
square,-0.37646538130090174,0.04895134717597905,1.6365887604846343,1.226413781591772,3.0346582044275596,2.141063230489532,2.7000584730641153,q12n-2.PNG
square,-0.17230722717896085,-0.009256080283668632,0.7067176716310651,1.247096901808916,2.2392506093495648,1.2906325170265545,-2.8083758906981733,q11i-1.PNG
square,-0.5431295157961573,-0.4321712224204485,0.5143665782090345,2.3418432906563447,-3.8965930469692167,2.5496154750007802,3.947284387716178,q3i-1.PNG
square,-0.6045163836833216,-0.4499862410692976,-0.18834109857010436,0.2784692610108611,0.3903672818181195,0.4287804928947177,0.611972520376096,q3n-2.PNG
square,-0.47217539994539814,0.4599375931254991,1.5698442534155919,1.7490441945104318,4.157181887541126,2.611965362781581,-3.4155088046348077,q1c0-2.PNG
square,-0.37477966164892446,-0.02459733491075791,0.868084982516117,1.2327165164961507,3.101653145183376,1.3817215752924268,2.2881841253709863,q5-0.PNG
square,-0.3717252274794387,0.4116591023913312,0.258228725386345,1.605132691453767,-2.536949801049497,-1.8125224789856413,-4.137829546384251,q10i-1.PNG
square,-0.20877393742553554,0.7921086803981956,1.5672451819886914,2.302928511457996,5.839978178792686,-2.731032259158438,-4.238150422007941,q12c-2.PNG
square,-0.4652904681747725,-0.2686502162471238,2.052138125559241,1.5682098759463041,-3.573054569521843,1.4371390769964596,-3.4922222509737106,q10ni-2.PNG
square,-0.05450465209663497,0.5407741811832117,1.889084163715545,1.832669206933558,3.8141581613000426,2.2060002152961595,3.8787485168229434,q7-2.PNG
square,-0.4461789691060636,1.8344604040355084,0.19914176195004438,1.2281717216132215,-2.056007369424063,2.2927517863409053,-2.1360063306920574,q7ci-2.PNG
square,-0.5082639745063529,0.1392032259668453,1.0663792479518555,1.201160482170632,-2.4001879980391525,-1.4065579639316501,-2.627804040536633,q13-2.PNG
square,-0.354937530735196,0.5622468761824689,0.9488930386638997,1.7333097342465125,3.076719888849087,2.0186517521482146,-4.062246481080639,q7i-1.PNG
square,-0.4390914236963664,0.2618898814660122,0.7111108401806671,1.8074697840672518,-3.7150110135772247,-2.3134318462160706,-3.078018052667751,q13c-1.PNG
square,-0.5914281822807252,0.5851828387174868,-0.24871485538453525,1.4952702330607743,-2.120111136288357,-2.032994993413596,3.1906963717683356,q6ci-1.PNG
square,-0.33069651874121303,1.7565641283835611,0.7648110551208624,2.2118638754112183,-3.9211743541993007,3.422815667182048,3.7976050510005375,q2i-1.PNG
square,-0.46872424612299163,-0.30491955895308637,1.7089076595727373,2.152132457578086,4.594031366994656,2.211998278824456,4.104302260503713,q10i-2.PNG
square,-0.26603215394709057,0.9553531262323901,1.4635037902448684,2.2114633916977002,5.102402511171668,2.6931360555455894,-4.050650764228551,q9ni-2.PNG
square,-0.4320351121040533,0.8672058558802187,0.1989520280428156,1.7042983407942165,-3.259453791079373,2.3986943455244183,-2.6698401997856,q8i-1_.PNG
square,-0.4440142517909905,0.09351802072055536,0.6229373892631106,0.5787741240257924,1.8001824989036788,0.631178131569606,-1.1924656409501413,q15ni-1.PNG
square,-0.5745155409281264,0.5056900701146626,0.15306403410951053,0.26513510963635123,-1.2717303246447174,0.5291548805822052,-0.47982375884569295,q2n-1_.PNG
square,-0.5087027851237585,1.4281265496850202,0.14482465965071772,1.597684866689423,-4.730093450007293,2.8422371285138386,-2.4689461427009896,q11c-2.PNG
square,-0.08177592983962689,1.1331129528827784,1.2220852387202439,1.6708203804412687,3.285016374234428,2.3242527623600684,3.251826817458977,q5i-2.PNG
square,-0.23371953123824446,0.8300312200915343,1.776616778490331,2.3524513105417206,-4.4421554789652395,-2.7792021996146534,4.897370283548517,q9i-2.PNG
square,-0.22587476089029254,0.8730462720510581,1.1779142296762197,1.7423560610857554,-3.7322374435797423,-2.193511687753876,3.2223028722795966,q9n-1.PNG
square,-0.3740876195493513,0.5534399024251142,0.8150256117250136,1.4718967190405516,2.9637396133764526,1.7571961492419743,2.6640895598198577,q12ci-1.PNG
square,-0.5001612384195361,0.292640100618404,2.047715993507194,2.091835099257656,-4.412856079589895,2.3417722115184842,-4.243580078288025,q2ci-2.PNG
square,-0.37588337209025635,-0.0785501179050209,0.4103513257792828,2.417491096443154,-3.853206855309815,-2.4454893196476446,-4.341417963645936,qi1-1.PNG
square,-0.3539694544884626,0.22144187686883704,0.5861896089377099,1.6117360453172376,2.7600922049927497,1.7699349325472136,3.0564704649999794,q9n-2.PNG
square,-0.19723443346927944,0.3919519352071156,0.22218550769646497,1.2129249163728624,2.0149999941455294,1.4089573633072605,2.176268803293632,q5n-1.PNG
square,-0.43949028130345014,0.971046487502804,1.2933440074598652,1.8006879508719695,-3.3517544849993106,2.434121727372488,4.2143403022366694,q12ni-2.PNG
square,-0.5984536438520138,0.057743885864995785,0.7224413211992918,0.6882828699033444,-1.3936511391009918,0.783345386823842,-3.666731532771858,q1-2.PNG
square,-0.5035904313767986,0.006989462626460776,0.41398342967251245,1.1391796238123084,2.0480093878239756,1.381585510241026,2.086221844033175,q3ni-1.PNG
square,-0.16671804301646695,1.287100075331201,1.734361309652285,1.7770534037252461,3.947300304061521,2.4327474105450437,-3.5675980468469746,q3i-2.PNG
square,-0.6404586575686818,-0.2962810652922071,-0.24992073576539817,0.6457956338003971,2.6463191401476927,0.5119750957974321,0.8437869886862283,q6i-1.PNG
square,-0.2753807531813845,3.00278659401364,1.468919303217742,1.4745010150273956,-2.949460106049449,-4.190198903445007,-3.8603377628687636,q13ci-2.PNG
square,-0.4427001640126863,1.142378401490189,0.15913627669840744,1.6023041977416335,3.267264082810232,2.222215093564633,-2.488970179807701,q2-2.PNG
square,-0.4224303809200789,0.5731529776033553,0.790199887482665,2.7330224448084626,4.724180440761967,-3.040993649255039,-4.587327597274385,q2ni-2.PNG
square,-0.44702353202649336,1.4098931142269653,0.27417984672562035,1.4141165898621402,3.2073738115851036,-2.2921458835954227,-2.2610272600800063,q7c-1.PNG
square,-0.47420928186620376,0.15465266089095556,0.13154646446731583,0.5540157348706372,-0.963898721824322,-0.7727844373735872,-1.184494273672954,q6ni-0.PNG
square,-0.18382763953781364,0.9529307242460209,1.6271553742572342,2.575624246021478,4.690759213603847,-3.4938312974202193,5.283112156180037,q12i-1.PNG
square,-0.613282877216608,0.07009406559405089,0.14893846488173837,1.0651988846891496,-2.0771104597229213,-1.4115263198329768,1.7088375978899597,q5c-1.PNG
square,-0.48429997194850527,0.3332252790641651,0.9255953108229562,2.71733371574647,-5.483687313750571,2.9099498219287137,-4.541613600704152,q14i-1_.PNG
square,-0.41813774112510815,0.6892425207188081,0.6010424014024052,1.5573943115909874,-2.648858206940965,2.0334289062139215,3.2670945030720624,q4ni-2.PNG
square,-0.6296253489062825,0.014028175308407971,0.615774735047114,0.5094474160704819,-1.0877431166864864,-0.540582658567923,-1.6504936842224553,q1ni-2.PNG
square,-0.4893302839081701,-0.017677360157735002,1.3730603673941841,0.8596538833865709,2.5868808898547098,0.9899283061906557,1.9894505565019407,q1n-2.PNG
square,-0.4735644326609918,1.914144550059315,0.6045210126456316,1.5569154360741013,-2.748558826107967,3.119636533870684,2.8366024182429985,q2ni-1.PNG
square,-0.22326981237929056,1.5878482468248225,0.8857377354365883,3.551568209445919,5.864209724181,4.34911472770688,-5.997261593180147,q10c-2.PNG
square,-0.35451071275598867,0.21493348810963883,0.5060412246992604,0.8946936832649373,-1.8603071317436883,-1.0943689415576865,1.6709009138205804,q10n-2.PNG
square,-0.39087147075747875,0.7918587802580572,1.9661124016037133,2.0281538033434483,4.453550264567441,2.4741042014208836,-4.057821676313755,q7i-1_.PNG
square,-0.48840514625729126,0.2595340934401707,0.5805965047388734,1.7221027042788137,3.6412030174931007,-2.162782769839455,-2.879874105230459,q14ni-2.PNG
square,-0.36091395580235197,0.7879783466975312,0.09753030065738438,2.0129288909155236,-3.0727070798087466,2.4091937548656386,-3.909864973294871,q5n-0.PNG
square,-0.3669457499820066,0.058406815823142985,0.8225887003384252,1.9106834909817167,3.3047706959898178,1.9717505752835296,3.739996930260127,q10-2.PNG
square,-0.49153937296967287,0.5903511622106465,0.9582629814723528,2.550156137755638,-4.304388954172154,-2.9133278609011857,-6.2815839214923015,q7ni-2.PNG
square,-0.5229146515484311,-0.8480010441824495,0.5609397655278938,0.7681666400695177,1.4479911504552316,0.35703373398814575,2.0167497802192194,q15i-1.PNG
square,-0.18762733514613877,1.8750241447682,1.7469573149516215,1.8738523191025247,-3.6904461296488247,2.847117440259444,4.4599030266385515,q11ni-2.PNG
square,-0.45685259395990807,0.28953276081078627,0.0073131935432264785,1.2287836365991027,-1.8509621556625946,-1.6519984135930519,-2.709290371964081,q4ni-1.PNG
square,-0.14305301450721689,2.6803743486470624,1.8806201816149273,2.249688775536719,5.681869841308258,3.6538018695327064,-4.315243292208351,q14n-1.PNG
square,-0.5514582311299703,-0.3244734362114288,-0.33341407014983526,0.289274103117628,-0.6472972479938437,-0.9969664275660589,-0.3086367068805045,q3-2.PNG
square,-0.336889348611022,0.9493650277088543,0.4111767237505462,1.3016603782438734,-2.1581501658146607,-1.8217165348384288,3.9001249464888197,q5ni-1.PNG
square,-0.5356372125148751,0.24860020090530285,1.8732536123703047,1.07542255444565,-3.4958332830851964,-1.2522180914677516,2.552562232651784,q1c-2.PNG
square,-0.6112029174427025,0.9577809469514303,0.9633235417944146,1.1001834969671462,4.327116816815009,-2.028244228848734,2.1319458504542124,q3ci-2.PNG
square,-0.4222869632204424,0.9028339230491562,2.2291259671589985,0.607251030841319,2.338334692302119,1.8838228087091067,-2.084093665876274,q13ni-0.PNG
square,-0.4122174827694556,1.4573875335434825,1.1948344447692247,0.5588100915449161,-1.452860718405152,-1.5318742445773936,1.9944447817524182,q4c-1_.PNG
square,-0.5183219238281741,-0.002933308639462818,-0.2923194794349729,0.015130464179984536,-0.01975742185789419,0.048984090533958365,-0.08680338630644069,q8n-2.PNG
square,-0.34619896319185633,0.200987438132655,0.6000399610878803,3.247987887169587,-5.184323408541705,-4.086292511524403,5.8010380707455536,q14ci-2.PNG
square,-0.43025691940822175,0.35573784484554777,1.0236765288849252,1.9691365641614396,-3.832489759095389,-2.197189998169798,-3.5098434112665626,q5ci-1.PNG
square,-0.5896196324090283,1.787336824925919,-0.6207621836657072,0.9899541792693624,-1.1926650020389866,-2.8394200569717833,1.722904712421171,q5-1.PNG
square,-0.4631107727321145,0.21526556262472935,1.4390896096730967,1.2738796907383938,-2.683850299437818,1.4905451447176867,-2.9608158310905424,q6-1.PNG
square,-0.5209163085264145,1.5566922755422066,0.669455447301986,1.7700075209194708,3.8420467209188547,-3.0911656515650865,2.994068696217478,q12i-2.PNG
square,-0.5044314037364346,0.2546292224861639,0.7264751317846526,1.8264621754151755,-3.1415695520628284,2.0135006685702526,3.4968291529958435,q9c-2.PNG
square,-0.5482247422319587,0.4241779146636994,0.8300171922929912,0.6921515990199635,-1.4847899900580894,0.9065210919778499,-1.8876719483083333,q12c-1.PNG
square,-0.5158548646921004,0.18065205573439574,-0.3231440604050186,0.7819142598402709,1.0539801557723594,0.9584864011927355,1.3855512284954956,q2-0.PNG
square,-0.5096963976066337,0.35512918165064733,0.4196085633698818,1.926371445890044,-3.3031159910175347,-2.833115565802412,3.2071535987353483,q13i-1.PNG
square,-0.16804833058979818,1.0726705632856153,2.1399356027770926,2.5283603995635935,4.864047084601475,-3.0763522476186442,-5.9375995418706164,q8ci-2.PNG
square,-0.4731157866490502,-0.027683797401899073,0.5214285780927262,1.9683220018667473,3.2143800125067266,-1.994754556900595,4.345711588504264,q6ci-2.PNG
square,-0.4084858541541181,-0.023539615449702823,0.6441525367358143,2.5406588719094607,4.175837687854429,2.575399752537445,4.5068876663289,q5c-2.PNG
