Categoria,M0,M1,M2,M3,M4,M5,M6,M7,M8,M9,M10,M11,M12,M13,M14,M15,M16,M17,M18,M19,M20,M21,M22,M23,M24
circle,0.000154622,0.000504473,0.00157172,0.000935882,0.00211124,0.00135481,0.00155612,0.00226951,0.00172905,0.000636676,0.00212091,0.00204763,0.0013047,0.00104534,0.00175248,0.00230922,0.00258686,0.00225098,0.00124571,0.00251694,0.00344403,0.00330318,0.00335216,0.000698832,0.00267575
circle,0.00883162,0.0154074,0.0150328,0.0207636,0.0142502,0.0252864,0.0118035,0.0129878,0.0291784,0.00976853,0.0113859,0.0325717,0.00630035,0.00805248,0.0096399,0.0355597,0.00420889,0.0067736,0.00795156,0.038212,0.00361576,0.00358092,0.00590165,0.00657953,0.0405818
circle,0.0175674,0.0303055,0.0272802,0.0399908,0.0212104,0.0474773,0.00797719,0.0134133,0.0533414,0.00200134,0.00506789,0.0579851,0.00960024,0.00820984,0.00320917,0.0616987,0.0106792,0.0112292,0.0110071,0.0646967,0.00619284,0.00841499,0.0116164,0.0181742,0.0671394
circle,0.0362108,0.0584196,0.0371626,0.0726769,0.0165368,0.082226,0.0186398,0.0165372,0.0889024,0.0224572,0.0307211,0.0937721,0.0113442,0.0166051,0.0434591,0.0974699,0.00981741,0.0088609,0.0536185,0.100382,0.0128992,0.014215,0.0120338,0.0615933,0.102751
circle,0.0201972,0.0310058,0.0140648,0.0361716,0.0101873,0.0382161,0.0325034,0.0266647,0.0385488,0.0336777,0.0396805,0.0379607,0.00895598,0.0237889,0.0488412,0.0369029,0.0149422,0.00984484,0.0548245,0.0356354,0.0192524,0.0263491,0.00799381,0.0583599,0.034307
circle,0.0103197,0.019135,0.02254,0.0267428,0.0234046,0.0333058,0.0181761,0.0223127,0.0389884,0.0123704,0.0199858,0.0439322,0.00577504,0.00744536,0.0169191,0.0482536,0.00407911,0.00455432,0.0134873,0.0520481,0.00516979,0.00568454,0.00507011,0.0100592,0.0553937
circle,0.00271162,0.00652964,0.0138161,0.0102161,0.0147958,0.0132828,0.00397449,0.0126676,0.0157126,0.00556871,0.0092235,0.0176101,0.0093112,0.0116558,0.00562815,0.0190935,0.00576242,0.0142049,0.0029715,0.0202604,0.00221049,0.00200441,0.0143967,0.0034436,0.0211837
circle,0.00168162,0.00268659,0.00187204,0.00342979,0.00143397,0.00405254,0.00179306,0.00121608,0.00459091,0.00219809,0.00103122,0.00505549,0.0011999,0.00199293,0.000893904,0.00545307,0.00198006,0.0018109,0.000997119,0.00579035,0.00399007,0.00356032,0.00208273,0.00140948,0.00607399
circle,0.00891307,0.016118,0.0176936,0.0222141,0.0180779,0.0275136,0.0154172,0.0176015,0.0321639,0.0123857,0.0162206,0.0362544,0.00597233,0.00830428,0.0140362,0.0398545,0.00267232,0.00395597,0.0112443,0.043024,0.00927162,0.00794526,0.00238669,0.00808414,0.0458167
circle,0.00622256,0.0111171,0.0116335,0.0151503,0.0113987,0.0186223,0.00960464,0.0108998,0.0216613,0.00836409,0.00998874,0.0243391,0.005264,0.00641391,0.00866696,0.0267046,0.00130339,0.0040441,0.0069982,0.0287961,0.00557021,0.00412177,0.00188254,0.005093,0.030646
circle,0.000517159,0.000899302,0.000792856,0.00116921,0.0005464,0.0013725,0.00015068,0.000319906,0.00152812,0.000149103,0.000155188,0.00164783,0.000408131,0.000388713,0.000282887,0.00173969,0.000628227,0.000575858,0.000520762,0.0018094,0.000806108,0.000725151,0.000711498,0.00076778,0.00186118
circle,0.00419002,0.00757962,0.00824065,0.0104016,0.0083379,0.0128822,0.00761762,0.0084619,0.0151144,0.00784231,0.00847699,0.0171508,0.00763526,0.00779804,0.00837247,0.0190252,0.00626455,0.00759008,0.00814767,0.0207606,0.00381124,0.00489597,0.0071954,0.00780098,0.0223735
circle,0.00384646,0.00635974,0.0042512,0.00789439,0.000963344,0.00879021,0.00427695,0.00252767,0.00924123,0.00720844,0.00586061,0.00937843,0.00806179,0.00876846,0.00890855,0.0092981,0.00711628,0.0088339,0.0115311,0.00907188,0.00296725,0.0039087,0.00753174,0.0136684,0.0087525
circle,0.0016336,0.00265259,0.00238554,0.00341563,0.00193918,0.00400056,0.00106326,0.000956848,0.00444573,0.00370594,0.000420768,0.0047833,0.00595055,0.00592838,0.00185458,0.00504152,0.00602488,0.00730214,0.00329286,0.00524349,0.00380868,0.00458538,0.0077777,0.00461835,0.00540674
circle,0.0286705,0.0486335,0.0408268,0.0633007,0.029399,0.0742965,0.012734,0.0181406,0.0826824,0.0151072,0.0144273,0.0891978,0.0182115,0.0186624,0.0212843,0.0943624,0.0104243,0.016868,0.0306954,0.0985408,0.00694848,0.00132053,0.0109337,0.0394845,0.101989
circle,0.0120612,0.0234892,0.0272288,0.0316241,0.0180286,0.0373096,0.00910145,0.00697463,0.0412731,0.0202697,0.00372679,0.044042,0.0125095,0.0234607,0.0130654,0.0459884,0.00340884,0.0209786,0.0208393,0.04737,0.00490199,0.00954141,0.0149745,0.0270837,0.0483633
circle,0.0149118,0.0264915,0.0274068,0.0359693,0.0263921,0.0439789,0.0202799,0.0242518,0.0508025,0.0149326,0.0210322,0.0566321,0.0106671,0.0104488,0.0175217,0.0616248,0.0151023,0.0108952,0.0149665,0.0659146,0.0187735,0.0195062,0.0143139,0.014728,0.0696158
circle,0.0133421,0.0230385,0.0207704,0.0303978,0.0158834,0.0360116,0.0046584,0.00929765,0.0403211,0.00431591,0.00221421,0.0436562,0.0105215,0.00950928,0.00468013,0.0462614,0.0093007,0.0113486,0.0110268,0.0483175,0.00197992,0.00493649,0.0106244,0.0166895,0.0499579
circle,0.0228593,0.0386299,0.0310597,0.049818,0.0192597,0.0579256,0.000502103,0.00656215,0.0639092,0.0109921,0.00558012,0.0684012,0.012731,0.0145732,0.0164028,0.0718298,0.00749296,0.0132494,0.0257904,0.0744906,0.00189491,0.000363477,0.00876104,0.0337642,0.0765898
circle,0.0359887,0.0613646,0.0526333,0.0800742,0.0387374,0.0939898,0.0199633,0.0257912,0.104549,0.0238285,0.0233851,0.112761,0.0209269,0.0246918,0.031341,0.119303,0.00455072,0.0185179,0.0417057,0.124629,0.019092,0.0133925,0.00965117,0.0514511,0.129048
circle,0.00136654,0.00224483,0.00180001,0.00293769,0.0016071,0.00351144,0.00151779,0.00143675,0.00400249,0.00149503,0.00134848,0.00443414,0.00169459,0.0017231,0.00138074,0.0048222,0.00217179,0.00208226,0.00152579,0.00517778,0.00258865,0.00252514,0.00247796,0.00174577,0.00550898
circle,0.0179609,0.0310824,0.0281301,0.0410063,0.0215808,0.0486365,0.00724454,0.0132911,0.0545789,0.00327484,0.00452595,0.0592584,0.0102932,0.00947643,0.00427065,0.0629814,0.0108219,0.0122561,0.0123174,0.0659728,0.00573357,0.00785702,0.012262,0.0196897,0.0683998
circle,0.00152953,0.00254871,0.0021402,0.00336339,0.00187059,0.00401928,0.00131998,0.00139499,0.00454811,0.000407285,0.000808163,0.00497365,0.0012867,0.000598211,0.000351152,0.00531481,0.00198821,0.00125941,0.000781914,0.00558691,0.00176836,0.00228494,0.00174648,0.00146974,0.00580242
circle,0.00930872,0.0168716,0.0187478,0.0233329,0.0194397,0.0289626,0.0169076,0.0191301,0.0339222,0.0141273,0.0180606,0.038322,0.00927319,0.0112707,0.0164336,0.0422438,0.00578793,0.00861995,0.0144387,0.0457519,0.00545859,0.00532949,0.00666395,0.0122856,0.0488988
circle,0.0154319,0.027893,0.0303159,0.0383057,0.0294077,0.0469872,0.0193226,0.0251817,0.0541582,0.00745415,0.0186859,0.0600658,0.0130829,0.00920493,0.0116268,0.0649493,0.0200356,0.016671,0.00706755,0.0690147,0.0139973,0.0169246,0.0205258,0.00984656,0.0724297
circle,0.00505117,0.00944146,0.0113875,0.0131815,0.0117037,0.0163207,0.00807313,0.0107377,0.0189151,0.00433638,0.00894966,0.0210281,0.00727368,0.00585592,0.00707368,0.022724,0.0124265,0.0103255,0.00630792,0.0240646,0.0143603,0.0148298,0.0142767,0.00757293,0.0251067
circle,0.00027582,0.000659022,0.00126271,0.00104352,0.00165828,0.00142793,0.00184679,0.00205258,0.00181393,0.00225993,0.0024628,0.00220255,0.00297071,0.00273037,0.0028864,0.00259389,0.00349806,0.0031962,0.00331569,0.0029875,0.00366106,0.00387028,0.00362305,0.00374289,0.00338263
circle,0.00526661,0.00923241,0.00952583,0.0126628,0.0102876,0.0157386,0.010938,0.0108402,0.0185383,0.0108286,0.0110847,0.0211032,0.00829152,0.0100968,0.0109854,0.0234589,0.00522932,0.00876846,0.0105423,0.0256239,0.0014664,0.00201418,0.00699763,0.00978152,0.0276135
circle,0.0337215,0.0548929,0.0365007,0.0687218,0.0167146,0.0781,0.0159928,0.0127258,0.0847065,0.0215033,0.0259765,0.0895413,0.0121863,0.0175754,0.0384928,0.093213,0.0082377,0.0101849,0.048605,0.096099,0.0126333,0.0130957,0.00969544,0.0565973,0.0984386
circle,0.000401036,0.000530395,7.33433e-05,0.000578566,0.000406359,0.000571829,0.000607954,0.000767619,0.000531388,0.000829973,0.0010862,0.000468971,0.00114245,0.000918219,0.00137274,0.000391181,0.0011823,0.00100904,0.00163861,0.000302186,0.00122867,0.00146835,0.00113529,0.00189089,0.000205227
circle,0.0124795,0.023495,0.0288863,0.033158,0.0311145,0.0416368,0.0270438,0.0312151,0.0490517,0.0231929,0.029808,0.0555208,0.0184134,0.0204736,0.0276481,0.0611577,0.0183475,0.020453,0.0255281,0.0660679,0.0211441,0.0212466,0.0226997,0.024225,0.0703464
circle,0.0024135,0.00405678,0.00315574,0.0051293,0.00227457,0.00586248,0.00295691,0.0026897,0.00639677,0.00319657,0.00362545,0.0068083,0.0018381,0.00268802,0.00452793,0.00714011,0.00122535,0.00203617,0.00530571,0.00741817,0.00150545,0.0012338,0.00151273,0.00596486,0.00765916
circle,0.0121748,0.0218707,0.0231944,0.0298584,0.0220789,0.0365192,0.0150715,0.0192338,0.0421291,0.00843884,0.0153591,0.04689,0.0018995,0.00312806,0.0109065,0.0509573,0.00482049,0.00265281,0.00626079,0.0544536,0.00649071,0.00693671,0.00545837,0.00234559,0.0574778
circle,0.000470077,0.000738559,0.000462367,0.000936218,0.000327255,0.00108981,0.000337101,0.000227875,0.00121179,0.000316873,0.000242812,0.00130908,0.000509495,0.000437596,0.000385832,0.00138632,0.000883889,0.000623801,0.0005833,0.00144692,0.00114046,0.0011642,0.000813895,0.000801933,0.00149364
circle,0.000102582,0.000241545,0.000428919,0.000362038,0.000488971,0.000483937,0.000538843,0.000626569,0.00060907,0.000837029,0.000780588,0.000736838,0.00118384,0.00101987,0.000934629,0.000866237,0.00110611,0.00114518,0.00108132,0.000996252,0.000825011,0.00105874,0.00122542,0.00121671,0.00112601
circle,0.0114581,0.0210094,0.0235801,0.028975,0.0230547,0.0356904,0.0159346,0.020712,0.0413814,0.0092869,0.0171305,0.0462243,0.00360002,0.00424016,0.0128568,0.0503611,0.00741343,0.00533628,0.00847121,0.053908,0.0106998,0.0103944,0.00891208,0.00524756,0.0569607
circle,0.0186005,0.032809,0.0317475,0.0437662,0.0256493,0.0522608,0.00973358,0.0171394,0.058885,0.00787984,0.00878994,0.0640881,0.0158448,0.0151805,0.00776136,0.06821,0.0158842,0.0189555,0.0150576,0.0715066,0.00817833,0.0109998,0.0191822,0.0230702,0.07417
circle,0.000209404,0.000548451,0.00122743,0.000888127,0.00149797,0.00120892,0.00110894,0.00162523,0.00150381,0.00084623,0.0016493,0.00177425,0.000952032,0.00076187,0.00163181,0.00202415,0.00120486,0.000917224,0.0016117,0.00225762,0.00146452,0.00156272,0.00112357,0.00160863,0.0024782
circle,2.09367e-05,4.32063e-05,6.7268e-05,6.50383e-05,8.824e-05,8.70216e-05,0.000109232,0.000111431,0.000109156,0.000136861,0.000135067,0.000131439,0.000167427,0.000162258,0.000159143,0.000153872,0.000190689,0.000188363,0.000183653,0.000176452,0.000214998,0.00021904,0.000215164,0.000208595,0.000199179
circle,0.0672091,0.105426,0.0574013,0.127188,0.0404716,0.139249,0.0787472,0.0745282,0.14545,0.0865562,0.110737,0.148074,0.0664869,0.0760803,0.139746,0.148509,0.0573546,0.0647947,0.161589,0.147611,0.0502903,0.0588334,0.0668951,0.177499,0.145917
circle,0.00260215,0.00463502,0.00498193,0.00639396,0.0055435,0.00802726,0.0065803,0.00636123,0.009581,0.00795405,0.00720158,0.0110694,0.00838624,0.0087545,0.00794254,0.0124956,0.00719146,0.00893577,0.0085201,0.013859,0.00452049,0.00534862,0.00857971,0.00890918,0.0151589
circle,0.000229748,0.000603754,0.00121632,0.000929651,0.0013804,0.00125699,0.00127419,0.0016828,0.00157966,0.00168213,0.00190107,0.00188801,0.00175818,0.0015255,0.00199959,0.00217617,0.00101091,0.00126988,0.00199529,0.00244153,0.0023201,0.00155313,0.00128678,0.00192014,0.00268373
circle,0.000494377,0.000574708,0.000160455,0.000731279,0.000365253,0.000847167,0.000802238,0.000530867,0.000919335,0.00118646,0.000870051,0.000967448,0.00239384,0.00141838,0.0011804,0.00100781,0.000488657,0.0010751,0.00138768,0.00104949,0.00372626,0.00151259,0.000686859,0.00150251,0.001096
circle,0.00875479,0.0168964,0.0229903,0.0246026,0.0280444,0.0318347,0.029107,0.0313142,0.0385428,0.0260086,0.0326575,0.0447054,0.0156296,0.020121,0.0322682,0.0503297,0.00846528,0.0135773,0.0304876,0.0554425,0.0126412,0.0118804,0.00951706,0.0276812,0.060081
circle,0.00111882,0.00149258,0.000582705,0.00151048,0.00223435,0.00137665,0.00327732,0.00347393,0.00121668,0.00261772,0.00422043,0.00110464,0.000216213,0.00117057,0.00457566,0.00107543,0.0015947,0.000465605,0.00465683,0.00112649,0.00189106,0.00216222,0.00181861,0.00456273,0.00123253
circle,0.0103489,0.0186424,0.0198691,0.0254548,0.0186542,0.0310745,0.0115568,0.0156087,0.0357203,0.00424625,0.0113948,0.0395667,0.00478474,0.00251882,0.00653185,0.0427589,0.00963902,0.00741454,0.00147456,0.0454175,0.0093098,0.0105929,0.0105772,0.00371685,0.0476419
circle,0.00292094,0.00529695,0.00596894,0.00736498,0.00624324,0.00914321,0.00514076,0.00596834,0.0106979,0.00391189,0.00555094,0.0120818,0.00315777,0.00359109,0.0051216,0.0133344,0.00430967,0.00380019,0.00473977,0.0144849,0.00614678,0.00539398,0.0043631,0.00442844,0.0155545
circle,0.000112315,0.00049905,0.00182618,0.000983698,0.00241835,0.00145313,0.00192457,0.00277416,0.00191487,0.00201609,0.00318872,0.00237589,0.00343833,0.00265789,0.00363776,0.00283612,0.00449095,0.00314604,0.00406524,0.00329301,0.00331604,0.00411914,0.00335076,0.0044429,0.00374394
circle,0.0334704,0.0555428,0.0421544,0.0709963,0.0276222,0.0821495,0.0187497,0.0199777,0.0904493,0.0225085,0.0252197,0.0968204,0.0166487,0.0208386,0.0353108,0.101859,0.00483223,0.0136736,0.044997,0.105956,0.012435,0.00869417,0.00432948,0.0532407,0.109367
circle,2.58456e-05,8.30909e-05,0.00030007,0.000121489,0.000106878,0.000145412,0.000348065,3.90568e-05,0.000159777,0.00021941,5.43993e-05,0.000165289,0.000141675,0.00031718,0.000139041,0.000163898,0.000291074,0.000383863,0.000217976,0.000158227,0.00053567,7.85545e-05,0.000320573,0.000273102,0.000150744
circle,0.0352312,0.0602104,0.0519602,0.078562,0.0387524,0.0924298,0.0201491,0.0270661,0.103148,0.0198575,0.0231911,0.111604,0.0180163,0.0209098,0.0288373,0.118405,0.0102108,0.0177591,0.0382324,0.123971,0.00800233,0.00625223,0.0117366,0.0478545,0.128599
circle,0.0226528,0.0384606,0.0319451,0.0499468,0.0214718,0.0584348,0.00320853,0.00947517,0.0647986,0.0095891,0.00246619,0.0696386,0.017403,0.0156988,0.0134771,0.0733731,0.0135469,0.0165545,0.0232546,0.0762962,0.00144491,0.00563364,0.0139044,0.0317325,0.0786172
circle,0.00179686,0.0033201,0.0035714,0.00448056,0.00267534,0.00531836,0.000547347,0.00131147,0.00592313,0.00226609,0.000433681,0.00637137,0.00170482,0.0025082,0.00130616,0.00672008,0.00173254,0.00169355,0.00208521,0.00700943,0.00589158,0.00496861,0.00124885,0.0025781,0.00726651
circle,0.0376796,0.0663669,0.0639695,0.0882854,0.0515768,0.105076,0.0244723,0.0365777,0.118037,0.0273388,0.0274745,0.12815,0.0343288,0.0362179,0.0315058,0.136135,0.0257324,0.0381691,0.0434465,0.142512,0.0139668,0.0155399,0.0346253,0.0568103,0.147657
circle,0.0301994,0.0488988,0.0307634,0.060668,0.00964993,0.0683191,0.0152316,0.0100566,0.0734778,0.0192689,0.0249205,0.0770875,0.00618285,0.0132459,0.0365814,0.0797053,0.00863443,0.00458677,0.0455554,0.0816681,0.0111591,0.0137229,0.00940706,0.0524789,0.0831851
circle,0.0379525,0.0647605,0.0553146,0.0843346,0.0403311,0.0989909,0.0207741,0.0273381,0.110223,0.0224896,0.0243424,0.119017,0.0201293,0.0239594,0.0320459,0.12604,0.0104396,0.0201163,0.042998,0.13175,0.00925126,0.00724373,0.0129537,0.0537092,0.136469
circle,0.00139392,0.00294574,0.00479528,0.00448481,0.00620348,0.00598388,0.00683507,0.00739063,0.0074433,0.00745444,0.00847296,0.0088669,0.00825672,0.0081726,0.0094683,0.0102556,0.0088207,0.00872357,0.0103502,0.0116077,0.00775917,0.00841223,0.00891012,0.0110865,0.0129204
circle,0.000381237,0.000671049,0.000636663,0.000889093,0.000524928,0.00106619,0.000422363,0.000443527,0.00121687,0.000338212,0.000373269,0.0013492,0.000620813,0.000406825,0.000309272,0.00146833,0.000715791,0.000573553,0.000253359,0.00157769,0.000822436,0.00103326,0.000831299,0.00022912,0.00167967
circle,0.00199003,0.00350458,0.00351221,0.00474115,0.00339924,0.0058057,0.00308305,0.00332341,0.00675717,0.00334424,0.00331932,0.00763059,0.00396215,0.0038818,0.00338327,0.0084471,0.00450694,0.00449969,0.0034928,0.00921945,0.00450809,0.00468237,0.00504917,0.00362022,0.00995527
circle,0.0310577,0.0538863,0.0495276,0.0711882,0.0395899,0.0845644,0.0205411,0.0286771,0.0950933,0.0164253,0.0214261,0.103516,0.0170588,0.0187186,0.0222325,0.110358,0.0129502,0.0186382,0.0292011,0.115994,0.00596341,0.00741738,0.0155273,0.0379051,0.1207
circle,0.00153161,0.00204435,0.000418518,0.00246984,0.000606507,0.00292303,0.00400461,0.00169777,0.00344129,0.00683042,0.00313992,0.00402597,0.00778007,0.00882614,0.00461413,0.00466429,0.00699092,0.00981441,0.00597799,0.00534026,0.00477402,0.00499107,0.00998628,0.00716931,0.00603922
circle,0.000599544,0.000756653,0.00088804,0.000742827,0.00217746,0.000775034,0.00303584,0.00312455,0.000942479,0.00243887,0.00365126,0.00119478,0.000284236,0.00120751,0.0038741,0.001472,0.00130295,0.000241886,0.00390593,0.00174442,0.00198322,0.00199111,0.00115856,0.00383047,0.00200042
circle,0.000455751,0.000856995,0.00123115,0.00122998,0.0013756,0.00160115,0.00205996,0.00174981,0.00196841,0.00245355,0.00208105,0.00232059,0.00182743,0.00245876,0.00231313,0.00265086,0.00200558,0.00247986,0.00248173,0.00295742,0.00410584,0.00285138,0.00266333,0.0026282,0.0032414
circle,0.0617493,0.10033,0.0681032,0.125526,0.0394261,0.142746,0.0350858,0.0372963,0.154958,0.0360232,0.055118,0.163892,0.0197738,0.0275953,0.0744923,0.170598,0.0226029,0.0222216,0.0914246,0.175739,0.0222489,0.0261944,0.0296476,0.105732,0.179748
circle,0.00359279,0.00654143,0.00716139,0.00863098,0.00497495,0.0100145,0.00366372,0.00309169,0.0108912,0.00779279,0.00437406,0.0114135,0.00699266,0.00926921,0.00699571,0.0116901,0.00479708,0.00903149,0.00952445,0.0117977,0.0030572,0.00382388,0.0077052,0.0117044,0.0117908
circle,0.0472606,0.0794816,0.0640077,0.102086,0.044717,0.118297,0.0330875,0.0359635,0.130111,0.0424743,0.0449961,0.138835,0.0400191,0.0456903,0.0617494,0.14535,0.0289028,0.0414121,0.0788461,0.150263,0.0169907,0.0192097,0.0331167,0.0942164,0.154001
circle,0.0130895,0.0230913,0.0228695,0.031069,0.0203686,0.0375779,0.0125115,0.0164909,0.0429589,0.00587527,0.011758,0.0474451,0.00183722,0.000393426,0.00653705,0.0512081,0.00707478,0.00426275,0.00111348,0.0543805,0.00971138,0.00980792,0.00745154,0.00433448,0.0570677
circle,0.00133897,0.00188123,0.000421728,0.00220291,0.000793709,0.00234225,0.00156395,0.0018015,0.00236255,0.00240133,0.00276954,0.00230813,0.00314349,0.00253337,0.0035976,0.0022075,0.0019569,0.00227236,0.00427637,0.00207987,0.000205014,0.0011943,0.00179813,0.00480986,0.00193897
circle,0.0038798,0.00788434,0.0111377,0.0107992,0.0106668,0.0129681,0.00759415,0.00940456,0.01458,0.00740411,0.00780135,0.0157554,0.0131341,0.0122583,0.00695556,0.0165878,0.0144718,0.0165424,0.00774017,0.0171535,0.00730092,0.0108073,0.0188361,0.00974792,0.0175158
circle,0.00544072,0.00865099,0.0066803,0.0114962,0.00857419,0.0143922,0.0165205,0.0120295,0.0173773,0.0227818,0.015627,0.0203947,0.021567,0.0250994,0.0186473,0.02338,0.0135269,0.0240016,0.0208318,0.0262834,0.00357517,0.00475253,0.0206865,0.0221558,0.0290718
circle,0.0424981,0.0685704,0.0443243,0.0854337,0.023183,0.096878,0.0246353,0.0239602,0.105018,0.0264086,0.0382123,0.111067,0.0100679,0.0175689,0.0517288,0.115739,0.00750775,0.0050933,0.0626937,0.119467,0.0131458,0.0143583,0.0116614,0.0713993,0.122522
circle,0.000206298,0.000401115,0.000424358,0.000521153,0.000291586,0.000631448,0.000437191,0.000457906,0.000763916,0.00149561,0.000841636,0.000923835,0.00316931,0.00249853,0.00130039,0.00110566,0.00312653,0.00302209,0.00173954,0.00130176,0.00121558,0.00203489,0.00310264,0.00211824,0.00150565
circle,0.00346728,0.00638152,0.00841634,0.00905377,0.0103779,0.0115613,0.0106049,0.01185,0.0139271,0.010086,0.0127495,0.0161595,0.00919053,0.00962661,0.0131608,0.0182641,0.00953797,0.00986699,0.0132036,0.0202472,0.00970314,0.00992179,0.0107267,0.0129904,0.0221155
circle,0.0170105,0.030261,0.0306325,0.0408261,0.0270983,0.0493601,0.015125,0.0213652,0.0563181,0.00675802,0.014705,0.0620365,0.00883081,0.00754622,0.00864806,0.0667715,0.01239,0.0117833,0.00730176,0.0707208,0.0111057,0.0124907,0.0144452,0.0121513,0.0740387
circle,0.00657763,0.0115697,0.0114154,0.0155737,0.0106142,0.0189642,0.00868144,0.00980561,0.0219172,0.00813896,0.00888947,0.0245312,0.00692671,0.00747512,0.00782879,0.0268666,0.00443279,0.00654953,0.00661551,0.0289643,0.00299635,0.00253842,0.00538912,0.00528157,0.0308543
circle,0.0321343,0.0525965,0.0363675,0.0663333,0.0181681,0.0758493,0.0121137,0.00925721,0.0826452,0.0196298,0.020926,0.0876464,0.0149812,0.0187954,0.0336258,0.0914368,0.00787776,0.0132509,0.0442896,0.0943929,0.0110921,0.00948508,0.00865211,0.0529622,0.0967609
circle,0.000153686,0.000313532,0.000953649,0.000555536,0.00142251,0.000833365,0.00157268,0.00183326,0.00111683,0.00146534,0.00203943,0.00138719,0.000661862,0.000852746,0.00205627,0.00163534,0.00153446,0.000820916,0.00193163,0.0018578,0.0030302,0.00254005,0.00161785,0.00171727,0.00205424
circle,0.0608184,0.0959416,0.0553992,0.117593,0.0298782,0.131736,0.0364262,0.041023,0.141462,0.0303215,0.0615735,0.148445,0.0111669,0.0153623,0.0791136,0.153632,0.0217864,0.0180482,0.0931581,0.157589,0.0174208,0.0227154,0.0349299,0.104483,0.160668
circle,0.154807,0.20291,0.0566343,0.224657,0.119719,0.236314,0.0236699,0.162424,0.243078,0.0555921,0.190785,0.247125,0.00882592,0.093032,0.211187,0.249528,0.0608437,0.118204,0.226673,0.250875,0.0336179,0.102096,0.136644,0.238872,0.251511
circle,0.0125727,0.0230588,0.0269256,0.0323173,0.0290594,0.0404282,0.0247153,0.0284478,0.0474973,0.0168935,0.0257991,0.0536372,0.0108864,0.0110179,0.0218556,0.0589611,0.0170383,0.0122038,0.0174491,0.0635756,0.0199788,0.0220589,0.0175874,0.013696,0.0675769
circle,0.000919339,0.00248502,0.00636107,0.00430905,0.00836824,0.00605906,0.00709329,0.00894956,0.00762353,0.00779497,0.00886118,0.00899048,0.0124177,0.0116966,0.00895166,0.0101874,0.0151175,0.0156361,0.00973114,0.0112521,0.0132288,0.0144158,0.0184001,0.0111907,0.01222
circle,0.0227206,0.038866,0.0322344,0.0501338,0.0191379,0.057954,0.0106441,0.00750439,0.0632845,0.0261869,0.0160541,0.0668119,0.0330622,0.0351506,0.0302222,0.0690375,0.0289095,0.0371179,0.0432763,0.0703288,0.0149213,0.0185429,0.0336099,0.0545253,0.0709563
circle,0.0660645,0.0970874,0.0347817,0.113874,0.0321639,0.124166,0.0314611,0.0560624,0.131122,0.00616865,0.0737005,0.136158,0.018469,0.020359,0.0861985,0.139979,0.0151085,0.0412367,0.0954919,0.142973,0.0143241,0.0118758,0.0571146,0.102761,0.145375
circle,0.0558609,0.0833551,0.0321586,0.0985541,0.0226968,0.107984,0.0274154,0.0433298,0.114415,0.00804455,0.0592607,0.119116,0.0166911,0.0146266,0.0706474,0.122726,0.0145472,0.0324077,0.0791102,0.125597,0.00889252,0.00644459,0.0462247,0.0856912,0.127938
circle,0.000471516,0.000411534,0.00343948,0.00119211,0.00434416,0.00197167,0.00359936,0.00508826,0.00276193,0.00422445,0.00621476,0.00359206,0.01616,0.0104655,0.00812595,0.00448179,0.0279292,0.0180443,0.0108194,0.0054405,0.0288484,0.0313904,0.0239881,0.0138968,0.00646504
circle,0.0559086,0.0864958,0.0436244,0.104451,0.0227138,0.115846,0.0320977,0.0396699,0.1236,0.0206975,0.0584677,0.129191,0.00772031,0.00139772,0.072914,0.133409,0.0168082,0.0191973,0.0838928,0.1367,0.00710754,0.011893,0.0360978,0.0924717,0.139333
circle,0.0274958,0.0481623,0.0461187,0.0641224,0.038878,0.0766951,0.0227609,0.0305265,0.0867611,0.0184892,0.0244697,0.0949301,0.0196362,0.0203845,0.0238055,0.101636,0.0185009,0.0219412,0.0285465,0.107193,0.0141932,0.0158522,0.0216481,0.0359691,0.111837
circle,0.00103718,0.00135546,0.00178753,0.00145961,0.00357205,0.00159295,0.00499946,0.00530735,0.0018839,0.00569208,0.00679158,0.00233538,0.00540282,0.00560697,0.00799551,0.0028935,0.00426441,0.00501272,0.00893111,0.00350856,0.00231824,0.00309326,0.0041088,0.00962711,0.00414793
circle,0.0173842,0.029694,0.0251781,0.0386648,0.017233,0.0453348,0.00261032,0.00820899,0.0503778,0.00635073,0.00114151,0.0542494,0.00971364,0.0103552,0.00912003,0.0572659,0.00737134,0.0107243,0.0165054,0.0596504,0.00149371,0.0029442,0.00856389,0.0229604,0.0615623
circle,0.0212912,0.0367182,0.0324401,0.0481506,0.0234356,0.056736,0.00600251,0.0127589,0.0632634,0.00938917,0.00479609,0.0682851,0.0151096,0.0155784,0.0114016,0.0721941,0.0131439,0.0173253,0.0207262,0.0752727,0.00631586,0.00805389,0.0157138,0.0292617,0.0777256
circle,0.00796171,0.0143888,0.0155718,0.0197084,0.0146718,0.024022,0.00817306,0.0117746,0.0274946,0.00261754,0.00803143,0.0302819,0.00889361,0.00697907,0.00481408,0.0325144,0.0117263,0.0112429,0.0051852,0.0342986,0.0101468,0.0118398,0.0139549,0.00873408,0.0357207
circle,0.0151231,0.0264543,0.025225,0.0352868,0.0210637,0.0422698,0.0102332,0.0152378,0.0478639,0.00337037,0.00899953,0.0523968,0.0067483,0.0055942,0.00428606,0.0561079,0.00803136,0.00836708,0.00671739,0.059176,0.00520874,0.00688108,0.00931797,0.0121791,0.0617369
circle,0.0456392,0.0781228,0.0671309,0.101587,0.0481443,0.118652,0.0322487,0.035035,0.131165,0.0476432,0.0410088,0.140441,0.0492101,0.0546941,0.0580778,0.147401,0.031033,0.0502259,0.076094,0.152693,0.0204024,0.0180363,0.0386859,0.0921577,0.156768
circle,0.000225655,0.000373089,0.000331735,0.00050418,0.000312512,0.000600472,8.57867e-05,0.000128661,0.000661544,0.000648441,0.000203551,0.000696031,0.00130071,0.00102835,0.000466267,0.000713124,0.000763263,0.00104329,0.00068607,0.000719896,0.000884616,0.000167034,0.000822785,0.000848324,0.000721133
circle,0.000534935,0.00108196,0.00114154,0.00136674,0.000316162,0.00148517,0.00198156,0.000847368,0.0015049,0.00240262,0.00159045,0.00146512,0.00123173,0.00224236,0.00218733,0.00139118,0.000273795,0.0017173,0.00262083,0.00130011,0.00111898,0.00118901,0.000945058,0.00289881,0.00120306
circle,0.0412447,0.0706745,0.0616639,0.0922611,0.0460998,0.108201,0.0285501,0.0336091,0.120029,0.0404551,0.0360244,0.128849,0.0488256,0.0504932,0.0504759,0.135458,0.0398737,0.051657,0.0675286,0.140435,0.0190222,0.0250593,0.0457911,0.0836036,0.144197
circle,0.00141102,0.00200105,0.000940796,0.00232266,0.00127245,0.00256678,0.000695801,0.00142212,0.00278563,0.00140657,0.00143188,0.00299366,0.00190019,0.00213381,0.00139422,0.00319354,0.00127089,0.00243393,0.00135056,0.00338438,0.00120922,0.00103342,0.00240196,0.001317,0.00356472
circle,0.00194993,0.00344044,0.00266289,0.00425598,0.00155476,0.00471946,0.00458186,0.00276555,0.00501953,0.00324217,0.00369092,0.00523707,0.00277776,0.000870653,0.00419964,0.00540551,0.00439327,0.00119825,0.00447862,0.00553953,0.00153267,0.0034484,0.00258904,0.00465243,0.00564646
circle,0.00266249,0.00489673,0.00564046,0.00681386,0.00589581,0.00849419,0.00508679,0.00587107,0.00998497,0.00436517,0.00563013,0.0113189,0.00319623,0.00362236,0.00522892,0.0125205,0.00209739,0.0029084,0.00470969,0.0136087,0.000909594,0.00121002,0.0022452,0.00410395,0.0145985
circle,0.00102046,0.00172538,0.00201063,0.00237319,0.00237555,0.00293335,0.00155871,0.00218854,0.00338212,0.000464907,0.00165194,0.00371822,0.00368006,0.00255148,0.00122518,0.00395332,0.00510955,0.0041994,0.00153851,0.00410383,0.00375399,0.00484014,0.00521733,0.00235972,0.00418643
circle,0.0849693,0.121832,0.0386405,0.141111,0.0482724,0.15263,0.0332933,0.076958,0.160225,0.0104701,0.0970153,0.165587,0.0300695,0.0408729,0.111178,0.169555,0.0158688,0.0650861,0.12177,0.172594,0.0126879,0.0133056,0.0823377,0.130075,0.174985
circle,3.63358e-05,2.39368e-05,0.000358361,0.000129857,0.00111677,0.000349487,0.00212033,0.00170462,0.00058504,0.00162224,0.00192906,0.000803095,0.00102499,0.000453355,0.00185999,0.000990118,0.00310773,0.00127225,0.00160356,0.00114299,0.00319488,0.00372807,0.0024371,0.00125674,0.00126349
circle,0.000275662,0.000563385,0.00115252,0.00092415,0.00193875,0.00131949,0.00270142,0.00260486,0.00174022,0.00310138,0.00327629,0.00218198,0.0036235,0.00373269,0.00396098,0.00264162,0.00472057,0.00439404,0.00465434,0.0031165,0.0057969,0.00548287,0.00504164,0.00534998,0.00360422
circle,0.0570628,0.0860958,0.0366136,0.102493,0.0238653,0.112711,0.0318335,0.0448435,0.119646,0.0154678,0.0624002,0.124675,0.0126265,0.00818982,0.0750547,0.128502,0.0183091,0.0280507,0.084394,0.131514,0.0135748,0.0140788,0.044357,0.0916128,0.13394
circle,0.0157079,0.0286553,0.032522,0.0398072,0.0340213,0.0495111,0.0285501,0.033059,0.0579603,0.0206819,0.0300246,0.0653107,0.00958811,0.0127874,0.0255814,0.0717038,0.0134588,0.00976013,0.0205191,0.0772689,0.0186405,0.0190044,0.0132666,0.0158496,0.0821221
circle,0.00951398,0.0172262,0.0187668,0.0236544,0.018306,0.0290703,0.0130164,0.0163881,0.0336649,0.00760987,0.0134955,0.0375832,0.0007746,0.00267509,0.00998625,0.0409396,0.00416349,0.00165297,0.00612842,0.0438264,0.0067,0.00679293,0.00487389,0.00213918,0.0463192
circle,0.0237468,0.039957,0.031634,0.0514333,0.0194135,0.0597325,0.00200686,0.00656411,0.0658595,0.0111149,0.00655978,0.0704744,0.0121267,0.0139996,0.0172082,0.0740199,0.00601168,0.0119539,0.0265,0.0767977,0.00478063,0.0029112,0.00703108,0.0343519,0.0790158
circle,0.000570818,0.00107853,0.00144313,0.00157221,0.00173808,0.00200045,0.00138916,0.00165121,0.00235845,0.000376673,0.00136154,0.00265012,0.00148898,0.000882437,0.000951341,0.00288083,0.00229474,0.00186603,0.000560277,0.00305677,0.00275316,0.00308828,0.0028015,0.000653418,0.00318457
circle,0.0270893,0.0484505,0.0491304,0.0650627,0.0405833,0.0778232,0.0161289,0.0278984,0.0875276,0.024176,0.0186775,0.0948589,0.0423669,0.0402202,0.0236381,0.100366,0.0417554,0.0486246,0.0368662,0.104476,0.0259183,0.0310616,0.0499598,0.0509415,0.107515
circle,0.000871246,0.00149037,0.00136775,0.0019427,0.000979428,0.00225677,0.000449888,0.000625406,0.00246183,0.00147547,0.000940005,0.00258353,0.0023604,0.00222361,0.00161305,0.00264235,0.00246697,0.00264075,0.00231732,0.00265443,0.00175848,0.0021586,0.00276572,0.00297621,0.00263255
circle,0.0443848,0.0730533,0.0524915,0.0922977,0.0319383,0.105797,0.0269187,0.0267929,0.115635,0.0281931,0.037476,0.123063,0.0115223,0.0207442,0.0508178,0.12885,0.00791234,0.00844611,0.0625751,0.133483,0.0179529,0.0193003,0.0105978,0.0723224,0.137275
circle,0.00365168,0.00636406,0.00666592,0.0087962,0.00770226,0.0110361,0.00903324,0.00857739,0.0131121,0.00923601,0.00917882,0.0150387,0.00707052,0.00866722,0.00946036,0.0168252,0.00401901,0.00736777,0.00940816,0.0184788,0.00248498,0.00122811,0.00558977,0.00904678,0.0200064
circle,0.000838371,0.00166441,0.00215257,0.00233287,0.00208434,0.00291328,0.00137697,0.0020124,0.00341909,0.00114177,0.00181162,0.00385825,0.000641088,0.00054739,0.00149132,0.00423729,0.000832262,0.000395162,0.00107371,0.00456202,0.00262357,0.00186366,0.00110488,0.000590282,0.00483775
circle,0.000898647,0.00144554,0.00104586,0.00186924,0.000909521,0.00223031,0.0011149,0.000856717,0.0025506,0.00132839,0.000837545,0.00284169,0.0013118,0.00154961,0.000858691,0.00311091,0.00152573,0.00182852,0.000931075,0.00336334,0.00202814,0.00181528,0.00213778,0.00105375,0.00360271
square,0.0153655,0.0272451,0.0270961,0.0365586,0.0229937,0.0438946,0.0107775,0.0168535,0.0497123,0.0057487,0.0105814,0.0543599,0.010963,0.0102136,0.00746829,0.0581018,0.0118208,0.0135826,0.0107885,0.0611391,0.00683319,0.00904057,0.0145058,0.0165478,0.0636255
square,0.000829781,8.62872e-05,0.0023113,0.00122318,0.0108228,0.00349424,0.0261978,0.0174593,0.00588197,0.0161803,0.0189242,0.00797605,0.0250654,0.00351662,0.016776,0.00965826,0.0448244,0.0196749,0.0128091,0.0109433,0.0224929,0.0391782,0.0299039,0.00826625,0.0118926
square,0.0115508,0.0204364,0.0200844,0.0273684,0.0168315,0.032859,0.00769233,0.0122395,0.0372704,0.00107303,0.00714465,0.0408598,0.00364948,0.0032304,0.00198349,0.0438126,0.00493602,0.00564127,0.00302191,0.0462653,0.00423547,0.00464659,0.00662698,0.00775581,0.0483198
square,0.000503258,0.00107207,0.00159689,0.00155095,0.00225395,0.00198483,0.0049252,0.00362103,0.00243417,0.00674211,0.00512968,0.00292621,0.00632361,0.00752647,0.00655179,0.00346412,0.00524183,0.007698,0.00781433,0.00403937,0.0042464,0.00409241,0.00736885,0.00888129,0.00463943
square,0.00233071,0.00380108,0.00239746,0.00469209,0.000360305,0.00518527,0.00277156,0.00179491,0.0054168,0.0043217,0.00371059,0.00548043,0.00366903,0.00439761,0.00528492,0.00543897,0.00146159,0.00350327,0.00650818,0.0053338,0.00137763,0.000746816,0.00208456,0.0074185,0.00519175
square,0.00260926,0.00382485,0.00141784,0.00459848,0.000542038,0.005122,0.000644021,0.00136483,0.00547513,0.00127428,0.0024795,0.00570793,0.00299538,0.00181066,0.0035434,0.00585645,0.00330014,0.0020504,0.00449399,0.00594704,0.00182828,0.00286715,0.00207321,0.00531253,0.0059988
square,9.89111e-05,0.000210949,0.000755481,0.000442248,0.00158533,0.000744834,0.00250955,0.00228457,0.00109014,0.00292016,0.00297659,0.00146509,0.00321746,0.00344337,0.00363757,0.00185875,0.00363561,0.00370637,0.00422257,0.00226143,0.00283866,0.00292471,0.00359674,0.00470063,0.00266495
square,0.000371353,0.000725088,0.0054154,0.00215801,0.00786734,0.00358557,0.00601069,0.0088219,0.0049028,0.00294727,0.00892357,0.00608721,0.00138232,0.0012549,0.00854187,0.00714229,0.00141964,0.00261994,0.00787528,0.00807878,0.000767558,0.00104252,0.00421373,0.00703176,0.00890861
square,0.000425563,0.000726429,0.000654941,0.000962709,0.000561286,0.00114044,0.000299941,0.000376426,0.00127192,0.000350128,0.000274444,0.00136786,0.000718436,0.00058941,0.000400584,0.00143849,0.000387775,0.000582212,0.000586759,0.00149317,0.00112386,0.000594912,0.000272847,0.000724034,0.00153964
square,0.000631748,0.00117433,0.00140362,0.00164836,0.00148206,0.00205851,0.00115249,0.00141408,0.00241224,0.000703831,0.00124666,0.00271652,0.000375171,0.00035974,0.00101336,0.00297754,0.000774838,0.000492478,0.000749435,0.00320056,0.00120392,0.00119189,0.000886445,0.000521343,0.00339009
square,0.00192937,0.00351195,0.00379326,0.00479068,0.00342859,0.00582389,0.00180034,0.00271845,0.00666223,0.00073229,0.00185873,0.00734575,0.00119984,0.00115358,0.00103999,0.00790649,0.00153805,0.00173408,0.000796393,0.00837005,0.00104031,0.00125124,0.0019725,0.00140062,0.00875678
square,0.000260996,0.000509219,0.000702639,0.000740814,0.00086502,0.000963002,0.00111837,0.00105445,0.00117917,0.00127029,0.00124237,0.00139073,0.00129011,0.00139242,0.0014208,0.00159836,0.00135339,0.00148676,0.00158418,0.00180228,0.00137543,0.00139253,0.00155026,0.00172908,0.00200248
square,0.000733182,0.000900527,0.00043979,0.000880016,0.00111267,0.000829885,0.000432517,0.00122213,0.00079751,0.00129336,0.00105192,0.00079969,0.00281952,0.00261681,0.000804367,0.000838833,0.00304305,0.00362899,0.000744389,0.000910336,0.00193291,0.00242811,0.00418457,0.000975895,0.00100695
square,0.000851186,0.00169241,0.00221224,0.00236414,0.00196308,0.00291052,0.00108088,0.00161527,0.00335606,0.00110187,0.00122708,0.00371943,0.00100438,0.00154447,0.000966897,0.00401643,0.00152143,0.00198409,0.00103794,0.00426011,0.00204881,0.00148471,0.00224453,0.00138558,0.00446108
square,0.00234118,0.00374945,0.00430233,0.00493335,0.0056905,0.00607036,0.00576877,0.00686527,0.00718677,0.00582025,0.00772057,0.00827907,0.00573856,0.00580989,0.00833601,0.00934104,0.00518966,0.00577489,0.00877365,0.0103683,0.00420471,0.00481119,0.00566374,0.00907067,0.0113586
square,0.000911497,0.0012428,0.000336279,0.0012809,0.00148461,0.00120574,0.00187334,0.00219386,0.00109956,0.000831336,0.00248452,0.000996544,0.00153019,0.000784734,0.00249951,0.000907397,0.0025557,0.00201892,0.00236706,0.000832519,0.00174934,0.00237022,0.00293515,0.00218121,0.00076881
square,0.00045724,0.000880103,0.00123686,0.00119301,0.0010879,0.00147677,0.000596484,0.00118243,0.00174129,0.00106763,0.00122087,0.00198567,0.00143536,0.00105425,0.00116185,0.00220859,0.00115219,0.0011783,0.00101819,0.00240913,0.0031975,0.00204223,0.00160843,0.000818682,0.00258689
square,0.000565778,0.00110576,0.00150146,0.00159936,0.00172972,0.00205019,0.00162413,0.0018529,0.00246037,0.00145668,0.00189516,0.00283523,0.0011953,0.00132442,0.00189943,0.00318035,0.00122596,0.00130372,0.00189189,0.00350062,0.00151982,0.00142007,0.00136537,0.00188708,0.00380003
square,0.00155109,0.00268716,0.00241559,0.0035328,0.00179155,0.00417737,0.000520169,0.00106215,0.00467305,0.000634545,0.000447569,0.00505559,0.00141654,0.00129693,0.00081379,0.005351,0.00181862,0.00174494,0.00156563,0.00557864,0.00175007,0.0018556,0.00197727,0.00231328,0.00575312
square,0.0082319,0.0144411,0.0145905,0.0196428,0.0146552,0.0241396,0.0131407,0.01406,0.028068,0.0105271,0.0126995,0.0315067,0.00382118,0.00682127,0.0106186,0.0345151,0.00316673,0.00256013,0.00796432,0.0371447,0.00927623,0.00874638,0.00163619,0.00490637,0.0394421
square,0.00202211,0.003104,0.00127175,0.00366779,0.000596733,0.0039501,0.00212619,0.0020493,0.00407566,0.00202328,0.00313591,0.00411486,0.000546203,0.001165,0.00389056,0.0041078,0.000873734,0.000206479,0.00438503,0.00407721,0.00151394,0.00159324,0.00123806,0.00468995,0.00403581
square,0.00764201,0.0131637,0.0123331,0.0176293,0.0115958,0.0214168,0.0101279,0.0106559,0.0247001,0.00870848,0.00935728,0.0275689,0.00465671,0.0066133,0.00763137,0.0300806,0.00281416,0.0040637,0.00554582,0.0322793,0.00821623,0.00719678,0.00249525,0.00332625,0.034203
square,0.0576111,0.0904113,0.0504976,0.110451,0.0269163,0.123552,0.0338121,0.0389936,0.132631,0.0263806,0.0582666,0.139236,0.00292358,0.00907693,0.0742741,0.144226,0.0154666,0.0125496,0.0869269,0.148106,0.0134765,0.0167543,0.0303031,0.097079,0.151186
square,0.00356777,0.00616359,0.00619862,0.00828544,0.00693348,0.0101189,0.00796674,0.00798451,0.01176,0.0085601,0.00921024,0.013265,0.00828023,0.0090148,0.0104526,0.0146684,0.00805805,0.00904631,0.0116042,0.0159917,0.00676787,0.00698002,0.00866536,0.0126064,0.0172488
square,0.000713083,0.00117162,0.0021382,0.00152635,0.00163011,0.00172768,0.00207348,0.00210768,0.00186019,0.00381939,0.00334605,0.00200115,0.00814757,0.00571874,0.00467802,0.00219688,0.00807729,0.00647341,0.00583187,0.00245885,0.000432725,0.00409439,0.00587818,0.00669684,0.00277451
square,0.00129431,0.00242022,0.00265132,0.00326693,0.00200786,0.00389211,0.000911737,0.00114152,0.00433527,0.00247598,0.000981837,0.00463216,0.00406539,0.00410704,0.00205901,0.00481449,0.00487951,0.00520112,0.00333785,0.00490911,0.00412423,0.00430486,0.00568877,0.00456915,0.00493811
square,0.000332569,0.000591534,0.0005707,0.000772175,0.000462447,0.000936354,0.000496869,0.000540007,0.00109567,0.000974498,0.000650572,0.00125146,0.00136293,0.00118704,0.000754178,0.00140336,0.000987882,0.00128133,0.000842718,0.00155062,0.000926994,0.000868736,0.00132242,0.00091393,0.00169255
square,0.00735835,0.0129481,0.0128336,0.0174498,0.0115627,0.0211154,0.00721197,0.0093862,0.0241514,0.0037814,0.0069469,0.0267108,0.00198157,0.00209455,0.0045531,0.0289023,0.000965229,0.00112237,0.0024222,0.0308031,0.00371867,0.00205951,0.000452579,0.00151978,0.0324685
square,0.000833315,0.00148595,0.00260486,0.00205548,0.00213444,0.00240598,0.00229718,0.000860595,0.00255914,0.00592369,0.00155919,0.00257629,0.0060585,0.00727558,0.00302943,0.00251581,0.00201826,0.00670919,0.00418189,0.00242218,0.00544126,0.00384304,0.00494318,0.00493434,0.00232522
square,0.0201899,0.0365532,0.0393002,0.0498678,0.0367288,0.0607593,0.0243222,0.0316193,0.0697203,0.0191013,0.0263157,0.0771398,0.0210238,0.0210683,0.0231071,0.0833253,0.0214837,0.024255,0.0236359,0.0885192,0.0155105,0.0181864,0.0257078,0.0275182,0.092913
square,0.00229793,0.00260825,0.00366951,0.00226772,0.00769792,0.00204143,0.00778875,0.00991817,0.00227703,0.00369984,0.0106118,0.00281856,0.00410478,0.00203718,0.0102835,0.00342912,0.00783058,0.00655396,0.0093766,0.00400156,0.00563334,0.00724606,0.00989698,0.00821483,0.00450447
square,0.00161548,0.00241472,0.00112767,0.00298587,0.000962202,0.003351,0.00176631,0.00142704,0.0035462,0.00263557,0.00239919,0.00361708,0.00527152,0.00369284,0.00344292,0.00360424,0.00369826,0.0037454,0.00434533,0.0035389,0.0027449,0.000831224,0.0030034,0.00504206,0.00344331
square,9.85798e-05,0.000310473,0.000693199,0.000487,0.000754906,0.000662651,0.000649261,0.0009351,0.000840275,0.00104506,0.00112509,0.00101857,0.00159222,0.00122176,0.00130124,0.00119605,0.00130652,0.0012996,0.00145654,0.00137135,0.000519082,0.0011092,0.00130785,0.00158712,0.00154336
square,0.00219817,0.0033507,0.00145172,0.00401476,0.000391998,0.00444968,0.000734039,0.00114247,0.00476733,0.000550107,0.00173842,0.00502176,0.00165173,0.00138767,0.00212226,0.00523979,0.0019922,0.002286,0.00237901,0.005435,0.00162544,0.0018284,0.00297816,0.00256971,0.00561446
square,5.49909e-05,9.27207e-05,0.00010587,0.000133188,0.000165211,0.00017631,0.000281243,0.000235248,0.000221467,0.000355767,0.000300627,0.000267969,0.000332119,0.000379944,0.000356275,0.000314995,0.000317541,0.000385125,0.000400609,0.000361793,0.00040763,0.000344873,0.00038243,0.00043359,0.00040774
square,0.00233462,0.00373811,0.00240209,0.00469573,0.00134128,0.00541686,0.000950193,0.000828679,0.0060186,0.00200399,0.000895753,0.00656552,0.00434244,0.00370847,0.00115461,0.0070915,0.0063776,0.00562039,0.00149605,0.0076131,0.00724199,0.00735535,0.00736248,0.00193189,0.00813726
square,0.00721523,0.0134224,0.0161858,0.0188985,0.0176568,0.0237739,0.0159738,0.0180826,0.0281438,0.014421,0.0178152,0.032082,0.0131364,0.0138343,0.0171494,0.0356476,0.0129912,0.0140694,0.0163189,0.0388882,0.0113378,0.0122725,0.0146319,0.0155118,0.0418433
square,0.00270005,0.00462474,0.00445046,0.00602009,0.00568109,0.00711513,0.00741989,0.00691507,0.00799282,0.004967,0.00734549,0.00868113,0.00703422,0.00464748,0.0073676,0.00920098,0.0109902,0.00771809,0.00747382,0.00957539,0.0068326,0.0100524,0.0102792,0.00792333,0.00982791
square,0.0313456,0.0525381,0.0405086,0.0671863,0.0237599,0.0775834,0.0124888,0.0121477,0.0851742,0.0207951,0.0185784,0.0908769,0.0165613,0.0212373,0.0305867,0.0952828,0.00809736,0.0161174,0.0414303,0.0987793,0.00960737,0.00916478,0.00938064,0.0505068,0.101624
square,0.000446614,0.000898943,0.00131108,0.00131467,0.00153892,0.00170271,0.00154741,0.00176924,0.00207719,0.00189433,0.00205089,0.00244566,0.00265832,0.00238087,0.00236077,0.00281021,0.00307336,0.002772,0.00266259,0.00317017,0.00248176,0.00286097,0.00296981,0.00293043,0.00352395
square,0.00161121,0.00310119,0.00445766,0.00451183,0.00537058,0.00577536,0.00458489,0.0056551,0.00690313,0.0032264,0.0056758,0.00791668,0.00193542,0.00230679,0.005555,0.00883533,0.00205054,0.00157667,0.00532872,0.00967395,0.00310756,0.00250254,0.00122764,0.00500221,0.0104436
square,0.00116127,0.00138622,0.000368544,0.00156166,0.000270158,0.00177262,0.00207249,0.000231946,0.0019802,0.00209692,0.000287618,0.00215312,0.00201022,0.000645033,0.000365673,0.00228018,0.00542595,0.00112008,0.000789272,0.0023626,0.00446201,0.00608124,0.00232742,0.00134896,0.00240699
square,0.00113901,0.00179778,0.000612903,0.00199504,0.00157077,0.00193793,0.00429273,0.00337626,0.0017373,0.00508948,0.00495709,0.0014759,0.00398744,0.00513414,0.00625354,0.00123161,0.00286744,0.00450491,0.00726069,0.00109236,0.00140884,0.00127905,0.00344748,0.00800253,0.00113004
square,0.021522,0.0365978,0.0330451,0.0485952,0.0304406,0.0585856,0.0250564,0.0272167,0.0670453,0.0189248,0.0233721,0.0742612,0.0107837,0.0129382,0.019785,0.0804486,0.0158491,0.0100429,0.0178505,0.0857826,0.0177513,0.01992,0.0105931,0.0186387,0.0904077
square,0.00131491,0.00285971,0.00498047,0.00444942,0.00675515,0.00603672,0.00785961,0.00829439,0.0076025,0.00859407,0.00965043,0.00913963,0.00893216,0.00916123,0.0108542,0.0106442,0.00920484,0.00954975,0.0119096,0.0121132,0.00865233,0.00904116,0.00968589,0.012811,0.013544
square,0.00235523,0.00426529,0.004746,0.00582457,0.00479943,0.00713267,0.00391469,0.0047657,0.00825704,0.00341999,0.00477925,0.00924283,0.00302605,0.00316971,0.00486595,0.0101208,0.00294576,0.00294895,0.00501579,0.0109127,0.00262538,0.0027599,0.00271421,0.00520988,0.0116342
square,0.00401192,0.00711885,0.00717885,0.00960377,0.00639121,0.0116177,0.00372522,0.00513442,0.0132813,0.00183091,0.00376419,0.0146835,0.000886121,0.00097207,0.00247087,0.0158896,0.00163784,0.000929932,0.00139379,0.0169472,0.00370812,0.00309266,0.00151389,0.000842322,0.0178913
square,0.0022353,0.0035533,0.00207874,0.00439086,0.0014358,0.00484907,0.00428341,0.00302431,0.00499473,0.00707061,0.00539892,0.00489394,0.0115732,0.00994398,0.00794155,0.00461038,0.0122607,0.011623,0.010359,0.00419981,0.00512568,0.00876909,0.0117538,0.0124842,0.00370825
square,5.96086e-05,0.000151362,0.000253786,0.000215841,5.13043e-05,0.000213184,0.000884683,0.000433192,0.000165732,0.00158321,0.000839684,9.97198e-05,0.00116736,0.00149816,0.00112812,6.24616e-05,0.000381686,0.00105147,0.00130098,0.000114639,0.00171181,0.00133723,0.000472165,0.00137418,0.000191497
square,0.000614088,0.00116685,0.00151551,0.00167871,0.00179747,0.00215265,0.0018138,0.00195677,0.00258486,0.00150248,0.00196975,0.00297414,0.00056617,0.000964649,0.00185719,0.00332157,0.000542875,0.000408932,0.00164705,0.00362937,0.00152661,0.00132852,0.000543172,0.00136726,0.00390023
square,0.00012633,0.000130393,9.63088e-05,0.000151127,6.67715e-05,0.000152901,9.71473e-05,0.000214692,0.000135989,0.000557052,0.000408742,0.000105607,0.00130295,0.000873092,0.00061662,7.35627e-05,0.0013457,0.00112448,0.000823725,7.21111e-05,0.00131233,0.00149575,0.00134148,0.00102682,0.000118163
square,0.0434557,0.0656365,0.0257867,0.0779212,0.00970881,0.0853725,0.0219696,0.0300759,0.0902839,0.0106154,0.0449922,0.0937573,0.012313,0.00845601,0.0554917,0.0963554,0.0146823,0.0223981,0.0631323,0.0983848,0.00627893,0.00723666,0.0340024,0.0689202,0.100023
square,0.0415426,0.0666959,0.0417616,0.0828744,0.0202119,0.0937405,0.0237833,0.022024,0.10137,0.0262404,0.0372483,0.10697,0.00990438,0.017543,0.0509472,0.111251,0.00859572,0.00565196,0.0618147,0.114643,0.0153431,0.0157859,0.012664,0.0703163,0.117409
square,0.123661,0.169356,0.0426078,0.191726,0.0783297,0.204858,0.0238552,0.113378,0.213464,0.0485944,0.136576,0.219537,0.0342266,0.0854988,0.152923,0.224063,0.0105377,0.110589,0.165015,0.227585,0.0224792,0.0479683,0.128627,0.174273,0.230421
square,0.0339329,0.0535384,0.0289837,0.0653813,0.00507936,0.0729582,0.0158992,0.0148455,0.0780682,0.014719,0.0294936,0.0816847,0.00249331,0.00568787,0.0405207,0.0843567,0.0108022,0.00669685,0.0488533,0.0864061,0.00871244,0.0120593,0.0174711,0.0552503,0.0880282
square,0.0196946,0.0337686,0.0289796,0.0440316,0.0198328,0.0516353,0.00230537,0.00925877,0.0573533,0.00833406,0.00123913,0.0617185,0.0118073,0.0129315,0.0108649,0.0651016,0.00797009,0.0130167,0.019406,0.0677632,0.000599639,0.00177793,0.0100919,0.0268092,0.0698881
square,0.00511039,0.00902541,0.00874442,0.0120377,0.00706642,0.0143894,0.00277237,0.00487604,0.0162661,0.000257012,0.00267882,0.017803,0.000167545,0.000483943,0.00071481,0.0190961,0.00217972,0.00015056,0.000932306,0.0202132,0.005654,0.00492397,0.0016411,0.00225287,0.0212016
square,0.00138077,0.00158936,0.00110481,0.00156247,0.00202715,0.0014768,0.000721851,0.00251113,0.00137098,0.000566536,0.00291068,0.00125611,0.00202543,0.000782058,0.0033231,0.00114111,0.0035648,0.00107139,0.00374814,0.00103766,0.00338088,0.0043299,0.00134101,0.00416317,0.000960177
square,0.0172154,0.0295087,0.0261384,0.0388922,0.02083,0.0462881,0.0105079,0.0144363,0.0522239,0.00283489,0.00748732,0.0570418,0.00522838,0.0030328,0.000542199,0.0609853,0.00991606,0.00695311,0.00669549,0.064237,0.0100292,0.0110733,0.00890808,0.0133765,0.0669381
square,0.00375558,0.00625655,0.00451345,0.00787748,0.00192823,0.00891138,0.00302756,0.00178236,0.00955136,0.00507647,0.00419139,0.00993035,0.00438084,0.00536108,0.00638284,0.0101385,0.00187759,0.00433893,0.00816027,0.0102366,0.00189414,0.00116932,0.00255007,0.00953427,0.0102658
square,0.0447129,0.067535,0.0270332,0.0803294,0.0111172,0.0881644,0.0231142,0.0312581,0.0933613,0.0141101,0.0468354,0.0970534,0.0117522,0.00998851,0.057946,0.0998285,0.0138808,0.0218399,0.06603,0.10201,0.00262382,0.00676093,0.0336996,0.0720889,0.103785
square,0.00150663,0.00229197,0.00112294,0.00281522,0.00047734,0.00315913,0.00101854,0.000998108,0.00336642,0.00253795,0.00215127,0.00346497,0.00517918,0.00417406,0.00347867,0.00347839,0.00702601,0.00572532,0.00488759,0.00342907,0.00743921,0.00808065,0.00698041,0.00630811,0.00333888
square,0.00125415,0.00211393,0.00162374,0.00265351,0.000824248,0.00297135,0.00184529,0.00135251,0.00313218,0.00326621,0.00252744,0.00318442,0.00387934,0.00400849,0.00369129,0.003164,0.00334216,0.00416061,0.00473265,0.00309723,0.00210605,0.00233706,0.00386969,0.0056229,0.00300314
square,0.00183619,0.00310211,0.00284456,0.00407757,0.00304679,0.0048508,0.00389213,0.00372165,0.00549499,0.00488003,0.00475314,0.0060587,0.00542545,0.00560087,0.00588228,0.00657378,0.00520164,0.00584801,0.00695926,0.00706056,0.00392358,0.00434349,0.00565614,0.00791543,0.00753136
square,0.016056,0.0287964,0.0304404,0.0392612,0.0289896,0.0479707,0.0203183,0.0255727,0.0552891,0.0139135,0.0213229,0.0614871,0.0121315,0.0117657,0.0173662,0.0667742,0.0137985,0.0131495,0.0150403,0.071316,0.0123741,0.0142072,0.0150546,0.0154347,0.0752448
square,0.00804588,0.0144232,0.0151469,0.0196422,0.0142525,0.0239814,0.00968891,0.012375,0.027646,0.00595201,0.0100178,0.0307806,0.00230758,0.00323411,0.0074153,0.0334888,0.000540012,0.00121335,0.00469377,0.0358475,0.00157525,0.00147475,0.000543003,0.00192579,0.0379147
square,0.000247818,0.00067316,0.000838719,0.000789785,0.000454452,0.000793076,0.00218401,0.00098929,0.000781137,0.000672465,0.0010737,0.000780742,0.00326066,0.000869768,0.000982669,0.000794704,0.00285874,0.001599,0.000867214,0.000820315,0.00255516,0.00125601,0.00182861,0.000783158,0.000854535
square,0.000983459,0.00322862,0.00769216,0.00524578,0.00676737,0.00654923,0.00513697,0.00226703,0.00712388,0.0178536,0.00376003,0.00710918,0.0255389,0.0259687,0.00984256,0.00667129,0.0196599,0.0283208,0.0151751,0.00595699,0.00903058,0.00925531,0.0258608,0.0194041,0.0050818
square,0.0467354,0.0750547,0.047412,0.0932361,0.0249366,0.105574,0.0273472,0.0273285,0.114398,0.0269755,0.0423595,0.121011,0.00693766,0.0153053,0.0561524,0.126167,0.0117263,0.00316722,0.0671911,0.130316,0.0177227,0.0192572,0.0178599,0.0759047,0.133742
square,0.00104476,0.00200579,0.00264711,0.00289068,0.00305918,0.00369364,0.00281711,0.00321174,0.00441562,0.00216923,0.00314165,0.00505996,0.000795707,0.00130642,0.00288448,0.00563149,0.000521702,0.000335078,0.0024776,0.0061358,0.00186939,0.00167329,0.000680075,0.00195776,0.00657886
square,0.000672588,0.00139489,0.00214315,0.00207233,0.00248454,0.00268317,0.00197813,0.0025533,0.0032256,0.00127203,0.00242296,0.00370264,0.000353241,0.000546685,0.00213745,0.00411873,0.00093338,0.000639532,0.00173052,0.00447872,0.00217152,0.00187365,0.0014679,0.00123177,0.00478734
square,0.00445208,0.00897301,0.0137071,0.0133423,0.0167548,0.017418,0.0153743,0.0181374,0.0211506,0.0125634,0.0183037,0.0245409,0.00844581,0.0099462,0.0176359,0.0276111,0.00488872,0.00798604,0.0164036,0.0303901,0.000731721,0.00160194,0.00674012,0.0147892,0.0329076
square,0.0163619,0.028417,0.0260171,0.0375514,0.0202749,0.0446476,0.00787377,0.0132953,0.050263,0.000154111,0.00599162,0.0547754,0.00514577,0.00489788,0.00114348,0.0584499,0.00619736,0.00706021,0.00786681,0.0614769,0.00472139,0.00524402,0.00732607,0.0140793,0.0639965
square,0.00092455,0.00161438,0.00170423,0.00223488,0.00184183,0.00276419,0.00154161,0.00168545,0.00321201,0.000724664,0.00139705,0.00359086,0.000885798,0.00045917,0.00105853,0.0039118,0.00118501,0.000813666,0.000758812,0.00418452,0.000846263,0.00132,0.00117597,0.000655322,0.00441739
square,0.00500702,0.00823552,0.00722016,0.0109012,0.00725917,0.0132802,0.0085785,0.00752403,0.0154639,0.0103007,0.00782139,0.0174929,0.00935289,0.0113298,0.00809228,0.0193899,0.00722775,0.0116133,0.00828554,0.0211691,0.00461587,0.00465125,0.0112299,0.00835628,0.0228406
square,0.0141364,0.0254583,0.0273974,0.0349026,0.0267536,0.0428619,0.0191172,0.0237936,0.0495766,0.010044,0.0190118,0.055236,0.00451129,0.00227758,0.0130279,0.0600064,0.0136999,0.00808435,0.0064954,0.0640342,0.0157679,0.0170285,0.0137887,0.00199033,0.0674464
square,0.00134454,0.00189937,0.000502634,0.00226792,0.000543529,0.0025716,0.00169586,0.000935838,0.00283549,0.00168367,0.00116532,0.00305814,0.000744728,0.00078104,0.00127089,0.00323634,0.00353723,0.00072213,0.00139941,0.00337072,0.00501619,0.00537134,0.00208283,0.00167079,0.00346531
square,0.00273478,0.00341574,0.00162663,0.00329152,0.00505463,0.00289717,0.00482544,0.0067813,0.00246398,0.00135275,0.00732572,0.00208404,0.00394279,0.00293883,0.00720141,0.00178969,0.00505872,0.00577871,0.00675914,0.00158754,0.00239318,0.00298901,0.00747534,0.00620061,0.00147083
square,0.000131502,0.000190879,0.000103246,0.000246735,0.000133421,0.000298609,0.000272593,0.000157879,0.000347377,0.000280443,0.000179757,0.00039361,0.000178064,0.000294195,0.000198866,0.000437655,0.000165484,0.000302316,0.00021456,0.00047973,0.000283783,0.000148038,0.000303393,0.000226254,0.000519979
square,0.00453556,0.00803908,0.00827558,0.0109411,0.00823789,0.0134646,0.00759229,0.00817651,0.0157201,0.00766851,0.00805247,0.0177672,0.00717658,0.00763309,0.00781027,0.0196405,0.00557605,0.00723094,0.0074123,0.0213624,0.00213265,0.0031901,0.00642563,0.00684154,0.0229484
square,0.0160055,0.0285676,0.0294416,0.0387178,0.0270395,0.0470667,0.0177103,0.0229476,0.0540496,0.0114701,0.0183177,0.0599728,0.00826856,0.00891452,0.0139782,0.0650562,0.00841207,0.00890166,0.0109554,0.0694614,0.0083936,0.0087242,0.00963876,0.01055,0.073311
square,0.0349154,0.0593349,0.0489528,0.0766648,0.0325276,0.0889632,0.0233589,0.0214053,0.0976422,0.0383572,0.0294521,0.103709,0.0451425,0.0474703,0.0461911,0.107884,0.0396695,0.0485738,0.0628973,0.110687,0.0276709,0.032591,0.0445702,0.0777447,0.11249
square,0.00066898,0.00139233,0.00221005,0.00210849,0.00284978,0.00280624,0.00315715,0.00338884,0.00348276,0.00339752,0.00385252,0.00413792,0.0035295,0.00359016,0.00425616,0.00477243,0.00364368,0.00374926,0.00460951,0.00538727,0.00357934,0.00371762,0.00387709,0.00491943,0.00598347
square,0.000124583,0.00021339,0.00028566,0.000291936,0.000363522,0.000365333,0.00033683,0.000423266,0.000435446,0.000333131,0.000480476,0.000503628,0.000430455,0.000381612,0.000539255,0.000570674,0.000580523,0.000451526,0.00060009,0.000637035,0.00067883,0.000691761,0.000527759,0.000662882,0.000702967
square,0.0170082,0.029639,0.0272955,0.0391598,0.0209543,0.046503,0.00697489,0.0132238,0.052255,0.00214517,0.00507022,0.0568161,0.00785799,0.00782691,0.00296727,0.0604717,0.00926839,0.0105472,0.0105193,0.0634304,0.00682603,0.00750536,0.0108744,0.0174704,0.0658471
square,0.00178665,0.00259046,0.00118274,0.00297211,0.00209289,0.00316405,0.00253842,0.00310052,0.00327477,0.00155448,0.00373753,0.00335394,0.000348092,0.000283953,0.00409327,0.00342412,0.00123911,0.0010173,0.00427966,0.00349549,0.00218438,0.00169707,0.00190747,0.00438084,0.00357264
square,0.0238661,0.0392171,0.0272524,0.0494229,0.0125006,0.056453,0.00616607,0.00130847,0.0614576,0.0119559,0.0130608,0.0651315,0.00654384,0.0104631,0.0227692,0.0679065,0.00172021,0.00537399,0.0306527,0.0700586,0.00614539,0.00637406,0.00271083,0.0370293,0.0717683
square,0.0026619,0.00717119,0.0163862,0.0121614,0.0220184,0.0168905,0.0182769,0.0236398,0.0211069,0.00821387,0.0225353,0.0247732,0.00575294,0.00174478,0.0198999,0.0279396,0.00925969,0.00878187,0.0166108,0.0306833,0.00357591,0.00547445,0.0126118,0.013218,0.033081
square,0.00133525,0.00247516,0.00278941,0.00337969,0.00260873,0.00414359,0.00176358,0.00243063,0.0048137,0.00187116,0.0022732,0.00541862,0.00304908,0.00245398,0.00217813,0.00597796,0.00395125,0.00336408,0.0021955,0.00650514,0.00480237,0.0050713,0.00443501,0.00235578,0.0070092
square,0.000290432,0.000648442,0.00106327,0.00096727,0.00118293,0.001257,0.000925848,0.00124929,0.00151945,0.000775455,0.00124955,0.00175653,0.000640419,0.000545424,0.00119463,0.00197023,0.000215287,0.00028361,0.00109425,0.00216243,0.000463895,0.00016415,6.52657e-05,0.000956856,0.00233494
square,0.00108676,0.00165029,0.000789614,0.00189853,0.00126671,0.00196263,0.00259398,0.00239148,0.00192007,0.00313555,0.00343143,0.00182405,0.00262055,0.00305639,0.00428021,0.00171271,0.00152724,0.0024484,0.00491502,0.001614,0.000758419,0.000535445,0.00144553,0.00533721,0.00154696
square,0.000470339,0.000701684,0.00031832,0.000857013,0.000131734,0.00097028,0.000155232,0.00014694,0.00106135,0.00032812,0.000243963,0.00113899,0.000506125,0.000471487,0.000332915,0.00120756,0.000420303,0.000577457,0.000412931,0.0012697,0.000261758,0.000388579,0.000664581,0.000483816,0.0013273
square,0.00371506,0.00595549,0.00350841,0.00730405,0.00135461,0.00801212,0.00549747,0.0041002,0.00827166,0.00922241,0.00769106,0.00822116,0.0108822,0.0110691,0.0110376,0.00796179,0.00934711,0.011339,0.0139717,0.00756752,0.00489846,0.00659197,0.0104049,0.0164528,0.00709286
square,0.00161334,0.0030304,0.00389558,0.0043672,0.00479058,0.00563712,0.00544792,0.00553451,0.00684236,0.00564221,0.0060969,0.00798373,0.00485628,0.00548878,0.00647821,0.00906232,0.00383953,0.00506914,0.00668915,0.0100798,0.00242533,0.00269448,0.00445108,0.00674514,0.0110382
square,0.00164959,0.00255051,0.00128237,0.00309,0.000427315,0.00338471,0.00155421,0.00146153,0.00352623,0.002271,0.00251757,0.00357587,0.00169419,0.00193119,0.00330752,0.00357355,0.00138261,0.00124802,0.00383254,0.00354495,0.00392575,0.00295932,0.0014938,0.00412886,0.00350638
square,0.00135609,0.00206022,0.000723759,0.00239484,0.00068536,0.00251944,0.00195986,0.00182477,0.00253905,0.00170102,0.00255254,0.00251656,0.000915158,0.000768897,0.00289473,0.00248768,0.00350439,0.00188496,0.00293894,0.00247134,0.00542958,0.00520326,0.00367287,0.00278773,0.00247642
square,0.000996614,0.00169258,0.00150665,0.0022402,0.00131839,0.00268922,0.000948287,0.00108104,0.00306229,0.000560834,0.000785248,0.00337397,0.000184991,0.000136189,0.000467931,0.00363532,0.000710515,0.000244036,0.000270665,0.00385526,0.000880475,0.000944426,0.000517547,0.000465083,0.00404109
square,0.0231345,0.0383699,0.028251,0.0488267,0.0153215,0.0562653,0.00237543,0.00280983,0.061717,0.00932034,0.00855076,0.0658176,0.00749261,0.00993962,0.0182088,0.0689739,0.00251804,0.00688865,0.0263891,0.0714543,0.00271011,0.00203874,0.00189721,0.0332629,0.0734408
square,0.000546214,0.0015071,0.00349189,0.00256393,0.00480419,0.00361049,0.00471071,0.00558127,0.00459908,0.00375722,0.00591369,0.00551295,0.00195334,0.00254042,0.00592913,0.00634951,0.00139595,0.00164091,0.00573048,0.00711209,0.00197677,0.00166874,0.00160937,0.00539199,0.00780616
square,0.00690549,0.0118528,0.0098605,0.0152755,0.00596389,0.0177648,0.00109385,0.00268448,0.0196744,0.00194433,0.00193414,0.021207,0.00379543,0.00230011,0.00374139,0.0224799,0.00542845,0.00329746,0.00562342,0.023562,0.00319615,0.00476067,0.00432568,0.00735111,0.0244943
square,0.0216129,0.0370305,0.0311277,0.0479832,0.0196502,0.0559241,0.00102799,0.00724544,0.0617903,0.0113663,0.00454771,0.0661994,0.0116191,0.0148614,0.0151307,0.0695669,0.00699212,0.0137914,0.0243534,0.0721776,0.00307821,0.00271995,0.00994354,0.0322646,0.0742301
square,0.00823243,0.0141214,0.0126728,0.0186768,0.0108555,0.0224286,0.00838355,0.00932697,0.0256459,0.00834193,0.00807993,0.0284825,0.00890267,0.00895227,0.00705175,0.0310297,0.00827784,0.00955966,0.00614972,0.0333437,0.00508272,0.00631605,0.00975893,0.00531071,0.0354609
square,0.00181074,0.00338937,0.00402979,0.00473047,0.00412437,0.00589381,0.00317593,0.00396592,0.00690452,0.00222734,0.00354003,0.00778056,0.000664518,0.00103343,0.00289393,0.00853722,0.00167566,0.000762194,0.00208529,0.00918803,0.00375958,0.00322359,0.00195474,0.00118907,0.00974512
square,0.00179674,0.00379319,0.00629889,0.00573934,0.00754641,0.00747351,0.00534204,0.00746063,0.00896337,0.0014847,0.00652618,0.0102158,0.00363262,0.00234362,0.00503159,0.0112513,0.00634361,0.00574667,0.0031919,0.012095,0.00745987,0.0078926,0.00859967,0.00123776,0.0127722
square,0.0437672,0.0702598,0.0444721,0.0872813,0.024179,0.0987988,0.0268455,0.0269503,0.106992,0.0265867,0.0412811,0.113098,0.0079874,0.0160699,0.0544944,0.117837,0.00959143,0.00330012,0.0650489,0.121644,0.0153277,0.01686,0.0153851,0.0732974,0.124786
square,0.00135525,0.00218284,0.00169174,0.00274111,0.00205928,0.00310723,0.0040138,0.00349247,0.00336085,0.00663581,0.00542133,0.00357374,0.00943551,0.00887283,0.0075031,0.00380632,0.0105269,0.0105272,0.00957318,0.00410205,0.00943507,0.0104156,0.0115118,0.0115355,0.00448352
square,0.0762459,0.101313,0.0191467,0.113293,0.0507617,0.120265,0.00749935,0.0722832,0.124803,0.0253191,0.0859485,0.127972,0.00644289,0.0468828,0.0953575,0.130297,0.0190846,0.0623109,0.102253,0.132061,0.00599192,0.0351612,0.0736933,0.107553,0.133436
square,0.00142151,0.00236911,0.0017225,0.00296392,0.000971914,0.00334191,0.00173731,0.00141428,0.00359176,0.00246133,0.00229216,0.0037686,0.00252998,0.00263191,0.00310028,0.0039071,0.00265171,0.0027255,0.00378556,0.0040292,0.00295646,0.00318911,0.00297504,0.00435971,0.00414856
square,0.00687731,0.0115563,0.00957171,0.0151018,0.00778253,0.0180025,0.00645115,0.00653976,0.0205106,0.0075856,0.00578961,0.0227554,0.00943934,0.00928236,0.00531629,0.024803,0.00902827,0.0104228,0.0049205,0.026688,0.0043136,0.00596649,0.0106271,0.00447533,0.0284298
square,0.0500182,0.0835575,0.0647174,0.106792,0.0442783,0.12332,0.0409272,0.0386706,0.135339,0.047888,0.0506615,0.144248,0.0363624,0.0454854,0.0679297,0.150963,0.0255834,0.0367339,0.0845477,0.156095,0.0197321,0.0242542,0.0274027,0.099186,0.160062
square,0.0302196,0.0506526,0.0394023,0.0649905,0.0243284,0.0753288,0.0116615,0.0121625,0.0829834,0.0166781,0.0150331,0.0888019,0.0130746,0.0175881,0.0258573,0.0933405,0.00671095,0.0136984,0.0362226,0.0969705,0.0132419,0.00919652,0.00817166,0.0451084,0.0999436
square,0.00134222,0.00140735,0.00294076,0.0012596,0.00558455,0.0015234,0.00513044,0.00678022,0.00209206,0.00198019,0.00682008,0.0026952,0.00457166,0.00306228,0.00611989,0.00322973,0.00707366,0.00632332,0.00503191,0.00367259,0.00552219,0.00654217,0.0085498,0.0038135,0.00402806
square,0.00274753,0.0051994,0.00682872,0.00753497,0.00835052,0.00971467,0.00888209,0.00932301,0.0117471,0.00838203,0.00994163,0.0136425,0.00662644,0.0077661,0.0102588,0.0154103,0.00541669,0.00689234,0.0103143,0.0170595,0.00367812,0.00377071,0.00581792,0.0101428,0.0185983
square,0.000138301,0.000221999,0.00023544,0.000324096,0.000395059,0.000427472,0.000633074,0.000502934,0.000530688,0.000634048,0.000601204,0.000633113,0.000496463,0.000685584,0.000688478,0.000733851,0.000578503,0.000701134,0.000759726,0.000832089,0.000616518,0.000469508,0.000669638,0.00081279,0.000927168
square,0.0211074,0.0371926,0.036047,0.04968,0.0298446,0.0595267,0.0151287,0.0215789,0.0673886,0.011788,0.0136453,0.0737442,0.0148673,0.0159809,0.010392,0.0789484,0.0143355,0.0187638,0.0148037,0.0832653,0.00793545,0.00947444,0.0186372,0.0218632,0.0868931
square,0.0118542,0.0209627,0.0212164,0.0283484,0.0196775,0.0344506,0.0130203,0.016617,0.039522,0.00591155,0.0123748,0.0437414,0.0042983,0.00130048,0.00742658,0.0472535,0.0115226,0.0072481,0.00287814,0.0501809,0.0133801,0.0141948,0.0115038,0.00481965,0.052627
square,0.00444938,0.00833739,0.0101092,0.0117281,0.0108109,0.014719,0.0092207,0.0108411,0.0173677,0.00731602,0.0102964,0.0197177,0.00393663,0.00508436,0.00930502,0.0218064,0.00122101,0.00289182,0.00799539,0.0236667,0.00261959,0.00182346,0.00117356,0.00647516,0.0253275
square,6.53775e-05,0.00015857,0.000373832,0.000259694,0.00044802,0.00035854,0.000429589,0.000526658,0.000456069,0.000515202,0.000616457,0.000553528,0.000785167,0.000638841,0.00071625,0.00065145,0.000997993,0.000779173,0.000821409,0.000749897,0.00100396,0.00115688,0.000918349,0.000928543,0.000848736
square,0.00175237,0.00316955,0.00338907,0.00431479,0.00302698,0.00523082,0.00135994,0.00229128,0.0059591,0.000494267,0.0013677,0.00653407,0.00222073,0.00177756,0.000622864,0.0069844,0.00304104,0.00283938,0.0011908,0.00733396,0.00290251,0.00321207,0.00352395,0.00222834,0.00760258
square,0.00118365,0.00224968,0.00277855,0.00316108,0.00283758,0.00394343,0.00198396,0.00265116,0.00461355,0.00109776,0.00223481,0.00517906,0.000776821,0.000573362,0.00158808,0.00564671,0.00295832,0.00195465,0.000773757,0.00602419,0.00579255,0.00509076,0.00356975,0.000482599,0.00631988
square,0.00153166,0.00195522,0.00275859,0.00217711,0.00440919,0.00244005,0.00330296,0.00522671,0.00276967,0.0011133,0.00543036,0.00313199,0.00141228,0.00110795,0.0052938,0.00349871,0.00204387,0.00264846,0.00499348,0.00385542,0.00199783,0.00209146,0.00364888,0.00462867,0.00419665
square,0.000143961,9.08071e-05,0.000419005,6.11798e-05,0.000394881,6.74444e-05,0.000424812,0.000228009,6.94625e-05,0.000792507,0.000163197,6.2431e-05,0.000276175,0.000759961,0.00022567,4.86541e-05,0.00043948,0.000679735,0.000319638,3.18687e-05,0.000532171,0.000611447,0.00060769,0.000408674,2.28096e-05
square,0.00253821,0.00471085,0.00565263,0.00663349,0.00618148,0.00834162,0.00557347,0.00630994,0.00986932,0.0046857,0.0061675,0.0112433,0.00317186,0.00381643,0.00582902,0.0124855,0.00214766,0.00300046,0.00535339,0.013614,0.00135491,0.00139954,0.00229468,0.00478535,0.0146439
square,0.000933075,0.00167044,0.00177178,0.00228193,0.00177171,0.00281491,0.00150254,0.00170555,0.00327701,0.00109948,0.00148323,0.0036735,0.000152965,0.000386703,0.00112602,0.00401027,0.00143322,0.000534379,0.000669153,0.00429359,0.00241373,0.00225768,0.00127648,0.000146028,0.00452974
square,0.0040397,0.00756123,0.00921272,0.0106658,0.0100281,0.0134243,0.00894436,0.0102735,0.0159006,0.00784595,0.0101701,0.0181432,0.00632145,0.00694207,0.00983043,0.0201891,0.00535812,0.00616072,0.00932137,0.0220667,0.00415297,0.00446801,0.00546012,0.00868485,0.0237982
square,0.000770181,0.00115539,0.000716193,0.00139904,0.000634943,0.0015697,0.000152805,0.000650977,0.00169266,0.00036792,0.000759288,0.00178008,0.000518481,0.000569301,0.000963092,0.00184001,0.00094931,0.000566383,0.00121511,0.00187874,0.00172775,0.00163785,0.00050992,0.00147754,0.00190141
square,0.00299127,0.00490193,0.00371668,0.0063341,0.00265812,0.00741605,0.000988381,0.00131954,0.00823101,0.00109194,0.00062436,0.00883833,0.00377852,0.0026252,0.00203826,0.00928263,0.00465982,0.00371369,0.00361124,0.00959847,0.00375097,0.00477215,0.00433364,0.00512936,0.00981298
square,0.00527386,0.00959889,0.0105281,0.0131741,0.0101587,0.0161845,0.00713442,0.00913571,0.0187513,0.00470459,0.00771239,0.0209635,0.0021866,0.0027296,0.00607483,0.0228885,0.000646988,0.00128696,0.00434116,0.0245779,0.000697002,0.000370567,0.000369045,0.00258246,0.0260718
square,0.0153448,0.0270738,0.0264206,0.0362156,0.0223479,0.0435282,0.0115932,0.0169738,0.0494633,0.00547303,0.0111121,0.0543259,0.00786084,0.00650807,0.00630576,0.058337,0.012134,0.0104665,0.00709749,0.061664,0.0143968,0.0144773,0.0135072,0.0123983,0.0644371
triangle,0.0269173,0.0441645,0.0305198,0.0556352,0.0138779,0.0635117,0.00728371,0.00185034,0.0690816,0.014382,0.0153947,0.0731352,0.0086791,0.0128404,0.0265506,0.0761701,0.00178009,0.00657809,0.0355423,0.0785057,0.00947263,0.00867755,0.00213457,0.0427311,0.0803503
triangle,0.00358205,0.00605578,0.00507829,0.00791197,0.00385168,0.00934214,0.0025242,0.00249681,0.0104118,0.00332329,0.00197716,0.0111746,0.00751393,0.00609902,0.0036967,0.0116834,0.0111793,0.00880779,0.00616998,0.0119875,0.0100393,0.0113145,0.010534,0.00871477,0.0121303
triangle,0.0766288,0.109114,0.0299337,0.125659,0.0427527,0.135495,0.0293338,0.0696167,0.142021,0.00628209,0.0873639,0.146673,0.0244891,0.0360839,0.0996043,0.15015,0.0139675,0.0577601,0.10865,0.152837,0.0178064,0.019699,0.0733194,0.115711,0.154966
triangle,7.49812e-05,0.000110316,0.000134452,0.000130033,0.000117505,0.000136764,0.000217936,0.000236061,0.000140971,0.000415529,0.000354865,0.00015115,0.000693408,0.000506953,0.000465262,0.000172135,0.000692896,0.000621162,0.000570172,0.000204412,0.000744565,0.000916443,0.00077399,0.000674022,0.000246055
triangle,0.00261345,0.00515303,0.00714696,0.00749348,0.00837833,0.00966264,0.00814335,0.00920566,0.011667,0.00763034,0.00961705,0.0135167,0.0060075,0.00661401,0.00968602,0.015223,0.00403425,0.00541023,0.00947716,0.0167974,0.00187334,0.00246868,0.00413335,0.00904287,0.0182506
triangle,0.0105818,0.0189295,0.019804,0.0257733,0.0189242,0.0315401,0.0141308,0.0170969,0.036479,0.0102135,0.0145912,0.0407502,0.00478176,0.00647576,0.0115777,0.0444668,0.000537592,0.00284897,0.00821136,0.0477145,0.00628332,0.00508929,0.000594041,0.00468567,0.0505615
triangle,0.00447004,0.00748926,0.00646339,0.00993045,0.00648092,0.0121281,0.0082852,0.00721397,0.0141987,0.0108791,0.00820981,0.0161798,0.0119498,0.0126119,0.00916649,0.0180786,0.00975974,0.0130858,0.00990539,0.0198927,0.00421379,0.00573663,0.0123943,0.010344,0.021618
triangle,0.00367293,0.00570659,0.00413151,0.00733365,0.00290212,0.00852602,0.00214799,0.00101123,0.00937076,0.00280368,0.00146421,0.00995413,0.00710439,0.00459617,0.0035492,0.0103451,0.00531492,0.00515059,0.00547151,0.0105965,0.00264317,0.00279205,0.00469499,0.00712981,0.0107483
triangle,0.00396621,0.00607489,0.00270849,0.00729827,0.000285321,0.00807836,0.00120968,0.00187869,0.00865783,0.000908013,0.00268106,0.00915869,0.0057913,0.00439959,0.00277491,0.00963832,0.009102,0.00782739,0.00243248,0.0101206,0.00839503,0.00928191,0.0105221,0.00187471,0.010613
triangle,0.000216015,0.000361032,0.0004347,0.000516387,0.000562578,0.000659297,0.000619817,0.00061091,0.000790859,0.000500092,0.000647012,0.000913441,0.000491771,0.000513641,0.000680224,0.00102876,0.00062398,0.000547209,0.000711177,0.00113795,0.000736608,0.000649824,0.000576885,0.000739577,0.00124174
triangle,0.0155804,0.0271182,0.0257419,0.0362391,0.0226196,0.04369,0.0147532,0.0183028,0.0498574,0.00797983,0.0130306,0.0549953,0.00422928,0.00333405,0.0073921,0.0592957,0.0110963,0.00630078,0.00375085,0.0629115,0.0135936,0.0141822,0.00987727,0.00744504,0.0659669
triangle,0.000284544,0.000515049,0.000575002,0.00070917,0.000592974,0.000880966,0.000555571,0.000625297,0.00103627,0.000615946,0.000651813,0.00117889,0.000622577,0.000606106,0.000669625,0.00131135,0.000506647,0.000591199,0.000676496,0.00143527,0.000612804,0.00053778,0.000584726,0.000670229,0.00155168
triangle,0.00715782,0.0124399,0.011873,0.0166691,0.0109312,0.0202212,0.00893434,0.00989918,0.0232927,0.00816786,0.00883516,0.0260024,0.00708177,0.00776347,0.00777354,0.0284284,0.00585191,0.00750769,0.0067194,0.0306238,0.00447017,0.00472621,0.00728929,0.00566481,0.0326267
triangle,6.80474e-05,0.000173347,0.00031667,0.000260175,0.000323555,0.000338131,0.000220585,0.000353465,0.000413068,0.000355806,0.000413681,0.000488348,0.000784677,0.000567179,0.000503409,0.000565805,0.00107522,0.000806787,0.000617283,0.000646287,0.0011817,0.00130961,0.00104693,0.000748548,0.000730054
triangle,0.0317053,0.0538919,0.0456122,0.0696567,0.0327138,0.0808228,0.0227622,0.0251378,0.0886657,0.0362173,0.0320171,0.0940994,0.0442025,0.0458805,0.0462855,0.097786,0.0384174,0.0482759,0.0610882,0.100206,0.02616,0.0294761,0.0456936,0.0744128,0.101708
triangle,0.000642772,0.000853051,4.60873e-05,0.000947294,0.000455601,0.000986725,0.000447826,0.000814592,0.000991651,0.00090342,0.00117152,0.000974829,0.0014926,0.00113508,0.0015073,0.000946304,0.00140243,0.00122814,0.00180624,0.000914168,0.000549111,0.00115083,0.00120855,0.00206018,0.000884717
triangle,0.000792273,0.00145786,0.00176118,0.00206737,0.0020185,0.00261318,0.00189418,0.00207399,0.00309944,0.00138918,0.00199194,0.00353044,0.000437604,0.000842329,0.00179627,0.00391037,0.000687584,0.0003653,0.00151039,0.0042433,0.00148397,0.00144073,0.000687246,0.0011635,0.00453318
triangle,0.000153501,8.26639e-05,0.000289408,0.000128273,0.000374365,0.000183111,0.000547031,0.000417882,0.000219464,0.000759379,0.000530837,0.000247337,0.00228514,0.00125448,0.000718754,0.000278499,0.000875741,0.00113488,0.000874275,0.000317794,0.0028201,0.000973367,0.000730411,0.000970399,0.000364496
triangle,0.000372834,0.000391916,7.14893e-05,0.000524696,0.000231486,0.000591696,0.000514918,0.0005177,0.000559901,0.00348131,0.00166521,0.000474068,0.00704631,0.00525804,0.00279857,0.000426736,0.00443581,0.00548169,0.003734,0.000511417,0.00353555,0.000598537,0.00468083,0.00442411,0.000707901
triangle,0.000283656,0.000365211,0.000123604,0.000379886,0.000417646,0.000360754,0.000539468,0.00067694,0.000329675,0.000590792,0.000864197,0.000300603,0.000510271,0.000493426,0.000989274,0.000283138,0.000330146,0.000429854,0.00106259,0.000282664,0.000594421,0.000475464,0.000516948,0.00109123,0.000299199
triangle,0.0220828,0.0382396,0.0341664,0.0501908,0.0247943,0.059176,0.00742563,0.0141649,0.0660452,0.00996213,0.00707644,0.0713862,0.0130107,0.0146937,0.0121427,0.0756098,0.00945263,0.0150546,0.0206727,0.0790059,0.0037197,0.00407701,0.0122271,0.0286461,0.0817809
triangle,0.0185607,0.0307605,0.0230059,0.0393414,0.0136164,0.0455464,0.000666021,0.00384662,0.050112,0.00777397,0.00575437,0.0535244,0.0107732,0.0106377,0.0141409,0.0561166,0.00727406,0.00958679,0.0214106,0.0581195,0.00292344,0.00198618,0.00593415,0.0275507,0.0596942
triangle,0.00348156,0.00606433,0.00574204,0.00809336,0.00495004,0.00973487,0.00311266,0.00394938,0.0111015,0.00211637,0.00297673,0.0122725,0.00204114,0.0020414,0.00215493,0.0133032,0.00339404,0.0026893,0.00153072,0.0142325,0.00571337,0.00511443,0.00380861,0.0011055,0.0150873
triangle,0.00245546,0.00450317,0.00475743,0.00606054,0.0036632,0.00721572,0.0011444,0.00209154,0.00805057,0.00349781,0.00134805,0.00863752,0.0054396,0.00556113,0.00282112,0.00903628,0.00544,0.00662996,0.00467484,0.00929442,0.00321675,0.00387928,0.00675547,0.00640674,0.00944919
triangle,0.0061006,0.0105797,0.0100158,0.0141564,0.00904734,0.017121,0.00688285,0.0078556,0.0196579,0.00585029,0.00668787,0.0218804,0.00525857,0.00564845,0.00556313,0.0238579,0.00480952,0.00555098,0.00443943,0.0256346,0.00266276,0.00323798,0.00522878,0.00329023,0.0272405
triangle,0.0184974,0.0325216,0.0318164,0.0436215,0.0282859,0.0527137,0.0188161,0.0236921,0.0602929,0.0130033,0.0186453,0.0666781,0.0101655,0.0102859,0.014203,0.0720992,0.013136,0.0111577,0.0122122,0.0767334,0.015493,0.0155277,0.0131112,0.0140479,0.0807211
triangle,0.000900616,0.00106153,0.00156835,0.000779779,0.00370297,0.00062089,0.00359095,0.00436772,0.000779838,9.23973e-05,0.00420104,0.0010497,0.00474646,0.0028512,0.00364876,0.00130129,0.00408441,0.00466127,0.00296225,0.00150823,0.00161367,0.0020142,0.00557677,0.00227448,0.00167106
triangle,5.09491e-05,5.73615e-05,9.64112e-05,3.41464e-05,0.000284593,3.76569e-05,0.000473734,0.000434376,8.65937e-05,0.000540965,0.000581612,0.000149026,0.00063199,0.000666746,0.000730418,0.000218883,0.000888655,0.000800289,0.000880295,0.000294219,0.00114442,0.00104881,0.000926171,0.00102946,0.00037384
triangle,0.00183116,0.00311552,0.00251204,0.00400206,0.00138458,0.0046153,0.000701209,0.00015953,0.00502805,0.00214895,0.00125438,0.00529234,0.00312326,0.00312188,0.0025463,0.00544702,0.00323893,0.0035611,0.00373664,0.00552131,0.00220327,0.00258843,0.00353552,0.00479313,0.00553728
triangle,0.00431501,0.00329195,0.00902656,0.00229864,0.0094237,0.00173608,0.00472797,0.00798798,0.00151855,0.0090738,0.00652089,0.00151325,0.00133561,0.00978724,0.00521093,0.00160071,0.0059483,0.00981408,0.00403121,0.00171037,0.00312031,0.00630118,0.009747,0.00296938,0.00181173
triangle,0.00041766,0.000686369,0.000475446,0.000847941,0.000527368,0.000947333,0.00102945,0.000834402,0.00102762,0.00083041,0.00101109,0.00110817,0.00105922,0.000643165,0.00102258,0.00119483,0.00245361,0.00136945,0.00092374,0.00128796,0.00282066,0.00302501,0.00219824,0.000786134,0.00138637
triangle,0.0195625,0.0348367,0.0361301,0.0472362,0.0342082,0.0574688,0.0242466,0.0302855,0.0659824,0.0162906,0.0256936,0.0730944,0.014762,0.014346,0.0221041,0.0790493,0.0220372,0.0183949,0.0214522,0.0840439,0.0264675,0.0268271,0.0234749,0.0244784,0.08824
triangle,0.0407905,0.067986,0.052254,0.0870041,0.0335305,0.100769,0.019082,0.0219351,0.111028,0.0240518,0.0268435,0.118886,0.0185599,0.0230703,0.0392808,0.12506,0.00558652,0.0156789,0.0516469,0.130024,0.0103417,0.00704299,0.00489836,0.0624595,0.134097
triangle,0.000871572,0.00160843,0.00183886,0.00222615,0.00181185,0.0027473,0.00128628,0.00165664,0.00319118,0.00100925,0.00145332,0.00357429,0.000882404,0.000877725,0.0012601,0.00390979,0.000586695,0.000806919,0.00110996,0.00420791,0.000734374,0.000654582,0.000727824,0.00101472,0.00447648
triangle,7.54796e-05,0.000176853,0.000347706,0.000285777,0.000506673,0.000402573,0.000673379,0.000677282,0.000525515,0.000867179,0.000849724,0.000652797,0.00109116,0.00104245,0.00102074,0.000783222,0.00120678,0.00119972,0.00119135,0.000916196,0.00129712,0.0013444,0.00135632,0.0013641,0.0010515
triangle,0.00115074,0.00258933,0.0040464,0.00374747,0.00370054,0.00468568,0.000995769,0.00305816,0.00544886,0.000512917,0.00224109,0.00607045,0.000549162,0.00152645,0.00133651,0.006577,0.001329,0.00238709,0.00047691,0.00698981,0.00289463,0.0016533,0.00298661,0.000713017,0.00732585
triangle,0.0149856,0.0254887,0.0223853,0.0336623,0.0190421,0.0403309,0.0136247,0.0152403,0.0458865,0.00899111,0.0107984,0.0505552,0.000655151,0.00389777,0.00576889,0.0544948,0.00857773,0.00177547,0.000361029,0.0578289,0.0148043,0.0142085,0.00563249,0.00518372,0.0606594
triangle,0.00208719,0.00316199,0.00121717,0.00373419,0.000691909,0.00408633,0.00109614,0.00141599,0.00436194,0.00112584,0.00153636,0.00462701,0.00509942,0.00381092,0.00119122,0.00490779,0.00717356,0.00627468,0.000577708,0.0052115,0.00589413,0.00700662,0.0080882,0.000156688,0.00553697
triangle,0.00195124,0.00373876,0.00508381,0.0054631,0.00636003,0.00709707,0.00699958,0.00728735,0.00864487,0.00700345,0.00799776,0.0101123,0.00631983,0.00698161,0.00852805,0.0115047,0.00599113,0.00681318,0.00890092,0.0128271,0.00530177,0.00533786,0.00650896,0.00913582,0.0140839
triangle,0.00526322,0.00901107,0.007619,0.0117043,0.00504298,0.0136955,0.00057122,0.00232921,0.0152124,0.0013309,0.000122122,0.0164103,0.000853859,0.00126857,0.00212058,0.017395,0.00322899,0.000942831,0.00362547,0.0182382,0.00758908,0.00687396,0.00322327,0.00467366,0.0189878
triangle,0.000275145,0.000443067,0.00032312,0.000563543,0.000215765,0.000636346,0.000315887,0.000282301,0.000675798,0.000685909,0.000513471,0.000692529,0.000921499,0.000851102,0.000759537,0.000694345,0.000804211,0.000936284,0.000993223,0.000687281,0.000750213,0.000862929,0.000981053,0.00120868,0.000676195
triangle,0.0454644,0.0744211,0.0529073,0.0940867,0.0325776,0.108072,0.0231112,0.0254885,0.118408,0.0238692,0.0344522,0.126305,0.0116847,0.0175459,0.0473034,0.132519,0.00571821,0.00682679,0.0591188,0.137532,0.0163452,0.0152483,0.00984883,0.0691881,0.141662
triangle,0.00159698,0.00304311,0.00397624,0.00438358,0.00464385,0.00560495,0.00448315,0.00496955,0.00672146,0.00396922,0.00510757,0.00774713,0.00313109,0.00357009,0.00511224,0.00869347,0.00278842,0.00318306,0.0050148,0.00957002,0.00237081,0.00234339,0.00280586,0.00483904,0.0103848
triangle,0.00159423,0.00244545,0.00148853,0.00310567,0.0013656,0.00365615,0.00176123,0.00130587,0.00412348,0.00154615,0.00128294,0.00452448,0.00103757,0.00129378,0.00134593,0.00487155,0.00152937,0.00115505,0.00150946,0.00517451,0.00123211,0.00171585,0.00110672,0.00174823,0.00544132
triangle,0.000166868,0.000199836,0.000151887,0.000242743,0.000207812,0.00026624,0.000156857,0.000308843,0.000274533,0.000491737,0.00045248,0.000271749,0.00104298,0.000710567,0.000622826,0.000261905,0.00102518,0.000928587,0.00081175,0.000249789,0.000899433,0.00123808,0.00113935,0.00101219,0.0002414
triangle,0.0850601,0.131893,0.0696955,0.158783,0.0492336,0.174368,0.0810023,0.0867546,0.183396,0.0800373,0.125635,0.188537,0.0382586,0.0553503,0.155878,0.191327,0.0276681,0.0338201,0.178232,0.192675,0.0357278,0.0372554,0.0459364,0.194402,0.193134
triangle,0.000367399,0.000678645,0.00079722,0.000949192,0.000851092,0.00118854,0.000783775,0.000877986,0.00140595,0.000773661,0.000898618,0.00160595,0.00078048,0.000781401,0.000901749,0.00179057,0.000623886,0.000717789,0.00087963,0.00196102,0.000105396,0.000302671,0.000594302,0.000832282,0.00211836
triangle,0.0122576,0.0209335,0.0182957,0.027532,0.0145435,0.0327592,0.00795022,0.0102796,0.0369829,0.00363051,0.00568492,0.0404339,0.00319457,0.00242565,0.00153452,0.0432754,0.00706553,0.00441928,0.0043788,0.0456316,0.00810399,0.00850606,0.00578057,0.00889189,0.0475993
triangle,0.0326447,0.0494017,0.0200369,0.057381,0.0218067,0.0603515,0.0493073,0.0474494,0.0604857,0.0533154,0.0683654,0.0590682,0.0299382,0.042346,0.0832954,0.0568649,0.0176006,0.0281168,0.0929804,0.0543287,0.0373818,0.0346601,0.0284148,0.0984939,0.0517219
triangle,0.0154304,0.0254624,0.0192038,0.032747,0.0129625,0.0382706,0.00490141,0.00639266,0.0425312,0.00177436,0.000638502,0.0458515,0.0082755,0.00568202,0.00698957,0.0484629,0.0105114,0.00750596,0.013096,0.050537,0.00521425,0.0082845,0.00710788,0.0185972,0.0522013
triangle,0.0052166,0.00748865,0.00251022,0.00873633,0.00258886,0.00963598,0.00129868,0.00358173,0.0103322,0.0023326,0.00456912,0.0108724,0.00127395,0.00192822,0.00565739,0.0112896,0.00586887,0.00121265,0.00676392,0.0116121,0.00604861,0.00690787,0.000991489,0.00779303,0.0118641
triangle,0.0023864,0.00440941,0.00585987,0.00595925,0.00484003,0.00701962,0.00257568,0.00326947,0.00769641,0.00660929,0.0033413,0.00810147,0.00594366,0.00802982,0.00489468,0.00832239,0.00266588,0.00749018,0.00657875,0.00842209,0.00352123,0.0035426,0.00583971,0.00799365,0.0084443
triangle,0.000125137,0.000179442,0.000122129,0.000239916,0.000216834,0.000311358,0.000596211,0.000370873,0.000391745,0.000814914,0.000534491,0.000478878,0.000820821,0.00098559,0.000699208,0.00057083,0.000962654,0.00113188,0.000860628,0.000666049,0.00137641,0.00114398,0.00126672,0.00101765,0.000763372
triangle,0.0127957,0.0229182,0.0238336,0.0311091,0.0214975,0.0377221,0.0113906,0.0167959,0.0430827,0.00198573,0.0109866,0.0474583,0.00689352,0.00497874,0.00485589,0.051058,0.00853005,0.00900362,0.00168967,0.0540433,0.00488351,0.00702705,0.0108166,0.00728277,0.0565391
triangle,0.00114102,0.00223624,0.00320662,0.00330973,0.0041123,0.00435113,0.00475436,0.00488801,0.0053589,0.00513982,0.00555844,0.00633302,0.00510025,0.00540239,0.00613005,0.00727372,0.00500762,0.00552902,0.00660704,0.00818149,0.00458149,0.00473024,0.00553355,0.0069954,0.00905707
triangle,0.00823911,0.0139779,0.0123358,0.0185032,0.0110607,0.0222972,0.00956414,0.00987326,0.0255647,0.00855869,0.00845182,0.0284125,0.00488046,0.00682936,0.00671061,0.03091,0.00136441,0.00479904,0.00470653,0.0331095,0.00509911,0.0042545,0.00310334,0.00258217,0.035054
triangle,0.0055879,0.0091027,0.00586647,0.0113149,0.00208122,0.0128302,0.00144009,0.000722278,0.013972,0.00180043,0.00254119,0.0149154,0.00718548,0.00482034,0.00365693,0.0157541,0.0109295,0.00854161,0.00434892,0.016538,0.0101111,0.0118583,0.0118184,0.00483085,0.017293
triangle,0.000189214,0.000262651,0.00205919,0.000814022,0.00349075,0.00146011,0.00396235,0.00448853,0.00212437,0.00357088,0.00517021,0.00277886,0.00259995,0.00296787,0.00562049,0.00341098,0.002072,0.00229925,0.00589249,0.00401485,0.00157309,0.00163053,0.00158738,0.00602046,0.00458784
triangle,0.000556542,0.00109783,0.00134077,0.00149694,0.000974734,0.00176951,0.000635563,0.000563978,0.00195745,0.00117438,0.000581416,0.00209349,0.000462921,0.0010458,0.000844483,0.00219812,0.000951555,0.000630292,0.00108684,0.00228301,0.00134297,0.00148628,0.000316267,0.00128115,0.00235454
triangle,0.0013742,0.00249015,0.00265303,0.0033857,0.00237289,0.0041106,0.00117648,0.00184869,0.00469388,2.56886e-05,0.00113444,0.00515872,0.00150194,0.00116096,0.000326303,0.00552524,0.0025662,0.00212631,0.000623647,0.00581073,0.00283348,0.00289016,0.002808,0.00150653,0.00602983
triangle,4.9336e-05,3.81434e-05,0.000162636,3.61521e-05,0.000338881,8.45417e-05,0.000469669,0.000480405,0.000148336,0.000519402,0.000611341,0.000218814,0.000600243,0.000603856,0.000739167,0.000293782,0.000796995,0.000703285,0.000866,0.000372113,0.00100502,0.000962518,0.00080496,0.000991064,0.000452992
triangle,0.0176204,0.0305928,0.0287313,0.0407165,0.0249631,0.0489317,0.0167098,0.0206489,0.0557315,0.0119263,0.016471,0.0614351,0.0096086,0.00988659,0.0136546,0.0662699,0.0118105,0.0102752,0.0135653,0.0704058,0.0129913,0.0133965,0.0112943,0.0162225,0.0739734
triangle,0.00243982,0.00404144,0.00269397,0.00499266,0.000676915,0.00552192,0.0031909,0.00204198,0.00577062,0.00479851,0.00409856,0.00583307,0.00431302,0.00520179,0.00588917,0.00577305,0.00295927,0.00470441,0.0073654,0.00563391,0.00158318,0.0014545,0.00364959,0.00853869,0.00544508
triangle,0.00590608,0.010309,0.00995675,0.0138338,0.00923739,0.0168186,0.00781485,0.00859783,0.019436,0.0078284,0.0080115,0.021779,0.00768577,0.00795387,0.00738102,0.0239,0.00595719,0.00765581,0.00662669,0.0258312,0.00146268,0.00291965,0.00682128,0.00570812,0.0275949
triangle,0.0303559,0.0496245,0.0337802,0.0624101,0.0152958,0.0711852,0.00895739,0.00473867,0.0774046,0.0160683,0.0181966,0.0819506,0.00999696,0.0141676,0.0303782,0.0853721,0.00470952,0.00805211,0.0403088,0.0880185,0.00980321,0.00927558,0.00554308,0.0483359,0.0901173
triangle,0.0401273,0.0682274,0.0591988,0.0893687,0.0465857,0.105609,0.023269,0.0330516,0.118265,0.0166544,0.0250578,0.128269,0.0240383,0.0213627,0.0284259,0.136291,0.0200503,0.0226,0.0387026,0.142814,0.0136607,0.0138352,0.0204015,0.050305,0.148189
triangle,0.00721985,0.0132482,0.0148632,0.0182607,0.0143679,0.0224519,0.00936271,0.0126112,0.0259757,0.00471534,0.0100954,0.0289562,0.00105297,0.00119425,0.00718873,0.031493,0.0032539,0.00248636,0.00417719,0.0336667,0.0036252,0.00387305,0.00430554,0.00162896,0.035542
triangle,0.00148447,0.00188322,0.000759709,0.00188603,0.00256393,0.00171169,0.00299716,0.00380406,0.00149923,0.00204334,0.00441858,0.0013237,0.00147132,0.0013077,0.00457939,0.00121923,0.0032466,0.00262958,0.00447013,0.00119091,0.00269769,0.00291469,0.00386925,0.00422661,0.00122423
triangle,0.000244877,0.000344724,0.000382651,0.000394536,0.000938059,0.000458949,0.00201447,0.00174044,0.000603567,0.00278955,0.00240182,0.000813509,0.00214882,0.00250028,0.00284488,0.00105269,0.000518064,0.00176364,0.00310192,0.00129874,0.00180626,0.00125346,0.00103853,0.00322306,0.00154072
triangle,0.00282448,0.00513844,0.00568459,0.00707877,0.00575029,0.008768,0.0049769,0.00570145,0.0102738,0.00483482,0.00559757,0.0116408,0.00500748,0.00497244,0.00549253,0.0129004,0.00536561,0.00537513,0.00541492,0.0140748,0.00576434,0.0059449,0.00593689,0.00537045,0.0151793
triangle,0.000287229,0.000429748,0.000166809,0.00051224,0.00023411,0.000495326,0.00114669,0.000867981,0.000423518,0.0017603,0.00132865,0.000329297,0.000923052,0.00127185,0.00159763,0.000229665,0.00106529,0.000586298,0.00173603,0.000133756,0.00165398,0.00138915,0.000190567,0.00179924,5.83535e-05
triangle,0.00105121,0.00185388,0.00182444,0.00248574,0.00154502,0.00298275,0.000785806,0.00116095,0.00337934,0.000880876,0.00087468,0.00370085,0.0012805,0.00112519,0.000864632,0.00396593,0.000946852,0.00125449,0.00111176,0.0041885,0.00052798,0.000831052,0.00127743,0.00145098,0.00437902
triangle,0.0016259,0.00291633,0.0027859,0.00382416,0.00189759,0.00448022,0.00152316,0.00139044,0.00495334,0.00279226,0.00188278,0.00528657,0.00362205,0.00386273,0.00292815,0.00551202,0.00414213,0.00450276,0.00406522,0.0056552,0.00437875,0.00395384,0.00468809,0.00514641,0.00573649
triangle,2.90696e-05,6.2082e-05,0.000107061,9.36014e-05,0.000129271,0.000123605,0.000146029,0.000165382,0.000153121,0.000260834,0.000220312,0.00018319,0.000449403,0.00037703,0.00028883,0.000214457,0.000517015,0.000478549,0.000365483,0.000247239,0.000489932,0.000562914,0.000567119,0.000445886,0.000281601
triangle,0.00485648,0.00876937,0.00931431,0.0119394,0.00852127,0.0145224,0.00484665,0.00691532,0.0166312,0.00188572,0.00487881,0.0183564,0.00327613,0.00270711,0.00290317,0.0197722,0.00504133,0.00460551,0.00227471,0.0209393,0.0043616,0.00488416,0.00573024,0.00375934,0.0219067
triangle,0.000312805,0.000655355,0.00129209,0.00110447,0.00233417,0.00163435,0.00367345,0.00327742,0.00218392,0.00359199,0.00381822,0.00271233,0.000915958,0.00225049,0.00396838,0.00319982,0.00207876,0.000550899,0.00383114,0.00363995,0.00325592,0.00339494,0.000988927,0.00351236,0.00403344
triangle,0.012523,0.02222,0.0223659,0.0299675,0.019978,0.0362849,0.0120525,0.0162092,0.041507,0.00574554,0.0116862,0.0458679,0.00162043,0.00172886,0.00683946,0.0495378,0.00541405,0.00386671,0.00237539,0.0526448,0.00792028,0.00779302,0.0064862,0.00408579,0.0552884
triangle,0.00485624,0.00686803,0.00103187,0.00763281,0.00389847,0.00786824,0.00505584,0.00672426,0.00786,0.00316188,0.00856528,0.00773064,0.00101454,0.00193932,0.00980198,0.00754159,0.00042154,0.00253732,0.0106113,0.00732746,0.00142999,0.00134975,0.00407522,0.0110912,0.00710851
triangle,0.0662946,0.102567,0.0542192,0.124692,0.0319343,0.13923,0.0342585,0.0458258,0.149376,0.0219363,0.0655972,0.156799,0.0141344,0.0104312,0.0820971,0.16243,0.0242345,0.0270699,0.0953532,0.166822,0.0154893,0.0204174,0.0453382,0.106199,0.170319
triangle,0.000298398,0.000470289,0.000370452,0.000626859,0.000419785,0.000764682,0.000563235,0.000440313,0.000891236,0.000568943,0.000472135,0.00101044,0.000512291,0.000675685,0.000508801,0.00112375,0.000645709,0.000745473,0.000541182,0.00123169,0.000590169,0.000478013,0.000749787,0.000563742,0.00133444
triangle,0.00130257,0.00194539,0.00082084,0.00231002,0.000692374,0.0025388,0.000857015,0.00119185,0.00269735,0.000641241,0.00159751,0.00281844,0.000602593,0.000571581,0.00186478,0.00291999,0.000908488,0.00101908,0.00201624,0.00301173,0.00121608,0.00113748,0.00159621,0.00208258,0.0030985
triangle,0.000544581,0.000928071,0.000916739,0.00126716,0.000993946,0.00156427,0.00103419,0.00101445,0.00183194,0.000993847,0.00104133,0.00207776,0.00104852,0.00109712,0.00107949,0.00230593,0.00131983,0.00124433,0.00113186,0.00251921,0.00163732,0.00163515,0.00143653,0.00120565,0.00271978
triangle,0.0295012,0.0494692,0.0398129,0.0640195,0.0282969,0.0749176,0.0144603,0.0181412,0.0832443,0.0157438,0.0164299,0.0897253,0.0188428,0.0188247,0.0238628,0.0948651,0.0139586,0.0176486,0.0333865,0.0990182,0.00356034,0.00526819,0.0127545,0.0423637,0.102435
triangle,0.028425,0.0487037,0.0415834,0.0633097,0.0287898,0.0740608,0.0142716,0.0179414,0.082153,0.0199895,0.0176163,0.0883814,0.0191117,0.0230071,0.0262864,0.0932831,0.0125129,0.0208346,0.0362793,0.0972255,0.0071133,0.00698933,0.0151699,0.0453782,0.100463
triangle,0.046676,0.0784508,0.0611903,0.100166,0.0379043,0.115513,0.0274404,0.0274195,0.126762,0.0327189,0.0365099,0.135294,0.0136035,0.0261012,0.0509019,0.141959,0.00927858,0.0133594,0.0641633,0.147296,0.0217454,0.0228041,0.00927462,0.0754514,0.151657
triangle,0.00162575,0.00264998,0.00162802,0.0032526,0.000329504,0.00361484,0.00147957,0.00099129,0.00384024,0.00151109,0.00184701,0.00398955,0.000677747,0.000968361,0.00243305,0.00409896,0.00196888,0.00104876,0.00278797,0.00418987,0.00293976,0.00306978,0.00208356,0.00296562,0.00427463
triangle,0.0157069,0.0284368,0.0302588,0.0386756,0.0272588,0.0469645,0.0146006,0.0218061,0.0537192,0.00585452,0.0153124,0.0592604,0.008781,0.0078807,0.00931857,0.0638391,0.0121683,0.0125115,0.00745359,0.0676525,0.0102771,0.0113055,0.0149835,0.0116293,0.070855
triangle,0.0429161,0.0652704,0.02792,0.0780073,0.0106978,0.0859325,0.0215448,0.0285902,0.0912652,0.0135621,0.0435847,0.0951026,0.0115469,0.00905199,0.0544521,0.0980213,0.0142054,0.0201179,0.0624208,0.100342,0.00397633,0.00849194,0.0316523,0.0684139,0.102251
triangle,0.0558563,0.0805411,0.022156,0.0932746,0.0267264,0.100885,0.0239487,0.0481877,0.105987,0.00726518,0.0623298,0.109695,0.0179789,0.0236106,0.0718911,0.112546,0.0081461,0.0394549,0.0787238,0.114826,0.012348,0.0100379,0.051538,0.0838463,0.116705
triangle,0.00149348,0.00247319,0.00190821,0.0031148,0.00148034,0.00364372,0.0012134,0.00151747,0.00412804,0.00240286,0.00163945,0.00459006,0.0040176,0.00337512,0.00177727,0.00503535,0.00313053,0.00387479,0.00189856,0.00546333,0.000482723,0.00162641,0.00388441,0.00197252,0.00587179
triangle,6.24574e-05,0.00067131,0.00247498,0.00133057,0.00307726,0.00191966,0.00151208,0.00300332,0.00241225,0.000530679,0.00254904,0.00281088,0.00197453,0.00204093,0.0018987,0.00312706,0.00234773,0.00320371,0.00117767,0.00337431,0.00178211,0.00189608,0.00391807,0.000518875,0.00356547
triangle,0.00023121,0.000313295,0.000242487,0.00023166,0.00112623,8.56713e-05,0.00227521,0.00190803,0.000217477,0.00241813,0.00248948,0.000463707,0.00120333,0.00195239,0.00286184,0.000716162,0.000280174,0.00117348,0.00305449,0.000960345,0.00112638,0.00118386,0.000360268,0.00310942,0.00119058
triangle,0.0223887,0.0375204,0.0290596,0.0481125,0.0172841,0.0557883,0.000878766,0.00546275,0.0615029,0.00801575,0.00549274,0.0658539,0.00806298,0.0100621,0.0151483,0.0692318,0.00480314,0.00848219,0.0235381,0.0719012,0.00059172,0.00114038,0.00466432,0.0307335,0.0740458
triangle,0.0499247,0.0723423,0.0197868,0.0840114,0.0206526,0.0909786,0.0207407,0.0408915,0.0956298,0.00750295,0.0542955,0.0990009,0.0167714,0.0207599,0.0634458,0.101591,0.00821786,0.0343886,0.0700508,0.103665,0.0102993,0.0073053,0.044639,0.0750523,0.105377
triangle,0.0103952,0.0188617,0.020356,0.0257708,0.0188614,0.0314358,0.0108888,0.015557,0.0361023,0.00356437,0.0112124,0.0399648,0.00392935,0.002403,0.00635807,0.0431781,0.00753453,0.0067004,0.00136463,0.0458656,0.00734975,0.00806454,0.00932865,0.00360189,0.048126
triangle,0.00356015,0.00720612,0.0109162,0.0106978,0.0132405,0.0139494,0.0122605,0.0143821,0.0169398,0.0108192,0.0146984,0.0196762,0.0103628,0.0104652,0.0145149,0.0221781,0.0107871,0.0112079,0.0140846,0.0244682,0.00929093,0.0103306,0.0123314,0.0135878,0.0265689
triangle,0.00166605,0.00262023,0.00135468,0.00315043,0.000735886,0.00338755,0.00282273,0.00229297,0.00343179,0.00423948,0.00388718,0.00335478,0.00423306,0.00454806,0.00525222,0.0032071,0.00271371,0.00405447,0.00634632,0.00302448,0.0010578,0.00127817,0.00306222,0.00717781,0.00283233
triangle,0.00062259,0.00116214,0.00122017,0.00153756,0.000794562,0.00178392,0.000849809,0.000471675,0.00193162,0.00168372,0.000894629,0.00200726,0.00195321,0.00223759,0.0015372,0.00203175,0.00184087,0.00244157,0.00215453,0.00202078,0.00177782,0.00159294,0.00241021,0.00270917,0.00198608
triangle,0.0155354,0.0276423,0.0277004,0.037153,0.023658,0.0447422,0.0113818,0.0176934,0.050862,0.00263643,0.0108081,0.0558409,0.0066118,0.00573981,0.00388624,0.0599243,0.0100184,0.0100492,0.00428301,0.0632984,0.00943797,0.0099546,0.0122716,0.0108645,0.0661057
triangle,0.00498238,0.00908849,0.00970846,0.0123276,0.00816965,0.0148412,0.00236144,0.0054583,0.0167709,0.00334825,0.00227722,0.0182368,0.00768688,0.00727227,0.00185195,0.0193366,0.00897107,0.0098614,0.00513977,0.0201489,0.00720087,0.00803944,0.0110933,0.00841255,0.0207365
triangle,0.00250229,0.00434721,0.00391443,0.00570977,0.00270539,0.00669271,0.000648129,0.00107931,0.00737949,0.00309631,0.00119557,0.00783532,0.00546195,0.00513193,0.00312693,0.00811172,0.00625356,0.00646778,0.00507742,0.00824986,0.00520687,0.00582082,0.00707756,0.00690729,0.00828282
triangle,0.00032378,0.00064808,0.000941531,0.000948363,0.00108649,0.00122602,0.00102389,0.00117953,0.00148033,0.000881632,0.00119658,0.00171043,0.00046837,0.00062894,0.00114179,0.00191675,0.000427068,0.000440241,0.00103254,0.00210049,0.0012904,0.000901967,0.000579652,0.000889432,0.00226316
triangle,0.0331013,0.0550299,0.0419822,0.0704721,0.027137,0.0818609,0.0130922,0.0164594,0.0905432,0.0143844,0.0172361,0.0973333,0.01302,0.0146703,0.0261158,0.102757,0.00938796,0.0119468,0.0360483,0.107168,0.00403191,0.00518102,0.00707901,0.0452557,0.110816
triangle,0.0108526,0.0182231,0.0145971,0.0235754,0.0104362,0.0277596,0.00605454,0.00714955,0.0312262,0.00657788,0.00477936,0.034222,0.010291,0.00894085,0.00309269,0.0368834,0.0113613,0.0113432,0.00187999,0.039288,0.00657229,0.00898424,0.0129151,0.00130149,0.0414817
triangle,0.00723891,0.0132986,0.0150545,0.0183855,0.0149534,0.0227158,0.01099,0.0138369,0.0264409,0.00754829,0.0120769,0.0296741,0.00364773,0.00457918,0.00992625,0.0325018,0.00123344,0.00218426,0.0075462,0.0349911,0.00167201,0.0014158,0.000639531,0.00503809,0.0371943
triangle,0.00011369,0.000274011,0.000532088,0.000420922,0.000607287,0.000558397,0.000461977,0.000674043,0.00068688,0.000498539,0.000731731,0.00080821,0.000750916,0.000575749,0.000796821,0.000923948,0.00101405,0.000740551,0.000875881,0.00103511,0.00136728,0.00137231,0.000964431,0.000971626,0.00114234
triangle,0.0232527,0.0392479,0.0319298,0.050824,0.0213063,0.0594117,0.00402267,0.00992747,0.0659113,0.00893342,0.00485898,0.0709209,0.0150301,0.0137935,0.0137918,0.0748498,0.0113943,0.0140513,0.0229141,0.0779837,0.000423025,0.00498459,0.0112974,0.0309403,0.0805257
triangle,0.00475818,0.00786896,0.00599513,0.0101326,0.0039971,0.0118087,0.00157341,0.00197705,0.01309,0.00165379,0.00143256,0.0141065,0.00136753,0.0015994,0.00262223,0.0149437,0.00213164,0.00144436,0.00381903,0.0156583,0.00559311,0.00431769,0.0025943,0.00475244,0.016288
triangle,0.00143751,0.00242152,0.00195473,0.00313074,0.00133915,0.00365397,0.000818362,0.000838275,0.00403941,0.00138685,0.00104112,0.00431981,0.00233697,0.00218135,0.00178703,0.0045204,0.00302852,0.00278202,0.00263098,0.00466144,0.00296447,0.00306404,0.00310332,0.00344873,0.00475925
triangle,0.00243337,0.00421868,0.00395609,0.00562637,0.00324816,0.00670748,0.00130447,0.00202152,0.00753207,0.00169532,0.000848966,0.008158,0.00368437,0.0032323,0.00141355,0.00862835,0.00421148,0.00434653,0.00284855,0.00897499,0.00396649,0.00446798,0.00511393,0.00432676,0.00922215
triangle,0.00013232,0.000225276,0.000330741,0.000330557,0.000496256,0.000441901,0.000681717,0.000664287,0.000557819,0.000823582,0.000824576,0.000676401,0.000901953,0.000914816,0.000970706,0.000796184,0.000890003,0.000970081,0.00110385,0.000916206,0.000853013,0.000907971,0.00101389,0.00122629,0.00103583
triangle,0.0011705,0.00179145,0.000881558,0.00217739,0.000469635,0.00248699,0.000657191,0.000494328,0.00275224,0.00106854,0.000511381,0.00297281,0.000312306,0.000630401,0.000587998,0.0031473,0.00274643,0.000820156,0.000896002,0.0032783,0.00496211,0.00434489,0.00171104,0.00136784,0.00337115
triangle,0.00347475,0.00655038,0.00743306,0.0088932,0.0061606,0.0107599,0.00209933,0.00478562,0.0122759,0.000971709,0.00332743,0.0135116,0.00207252,0.00197718,0.00210159,0.0145175,0.00411904,0.00367735,0.00219968,0.0153338,0.0075429,0.00570005,0.00506843,0.00361292,0.0159942
triangle,0.0562491,0.0814017,0.0237069,0.094615,0.0259524,0.102618,0.0235391,0.0472311,0.108016,0.00653468,0.0617812,0.111945,0.0157674,0.0216841,0.0718634,0.11496,0.00640012,0.0372205,0.0792253,0.11736,0.0114369,0.0098598,0.0491307,0.0848618,0.119323
triangle,0.000128245,0.000225287,0.00032622,0.000332727,0.000423838,0.000439707,0.000601525,0.000520091,0.000545879,0.000699415,0.000625108,0.000651469,0.000677251,0.000796872,0.000731484,0.000756373,0.000753933,0.00086356,0.000832453,0.000860311,0.000794224,0.000736767,0.00089777,0.000924177,0.00096293
